Workbook

Sheet CONTROL DE LECHE
A1: FECHA | B1: PRODUCTOR | C1: HORA LLEGADA | D1: VOLUMEN LECHE [L] | E1: PRUEBA ALCOHOL | F1: PH | G1: ACIDEZ [D] | H1: TEMPERATURA [C] | I1: CELULAS SOMATICAS <400 e3/ml | J1: ANTIBIOTICOS SI/NO | K1: % GRASA >3% | L1: SNG <7% | M1: DENSIDAD [Q] | N1: %H2O <8,5% | O1: P. CONGELAMIENTO >52 | P1: PROTEINA >3% | Q1: REPETICIONES | R1: ESTADO
A2: 46030
A3: 46031
A4: 46032
A5: 46033
A6: 46034
A7: 46035 | C7: 0.46319444 | D7: 3160 | E7: SR | F7: 6.91 | G7: 18 | M7: 28.4 | N7: 5.14 | O7: 48.3 | P7: 3.22
A8: 46035 | G8: 18 | I8: 775 | J8: NO | K8: 3.2 | L8: 8.09 | M8: 28.9 | N8: 5.56 | O8: 48.1 | P8: 3.2
A9: 46035 | G9: 17 | I9: 758 | J9: NO | K9: 2.7 | L9: 8.17 | M9: 29.6 | N9: 4.61 | O9: 48.6 | P9: 3.22
A10: 46036 | C10: 0.39722222 | D10: 3200 | F10: 6.81 | G10: 118 | I10: 854 | J10: NO | K10: 4.21 | L10: 8.25 | M10: 28.6 | N10: 3.87 | O10: 49 | P10: 3.27
G11: 16 | I11: 987 | J11: NO | K11: 3.7 | L11: 7.91 | M11: 27.7 | N11: 7.61 | O11: 46.9 | P11: 3.14
G12: 18 | I12: 895 | J12: NO | K12: 3.78 | L12: 8.03 | M12: 28.1 | N12: 6.25 | O12: 47.7 | P12: 3.18
A13: 46037 | D13: 3130 | F13: 6.08 | G13: 17 | I13: 908 | J13: NO | K13: 3.79 | L13: 8.29 | M13: 29.1 | N13: 3.33 | O13: 99.3 | P13: 3.28
F14: 6.8 | G14: 18 | I14: 541 | J14: NO | K14: 3.76 | L14: 8.36 | M14: 29.5 | N14: 2.53 | O14: 49.7 | P14: 3.3
G15: 15 | I15: 800 | J15: NO | K15: 3.8 | L15: 8.3 | M15: 29.2 | N15: 3.22 | O15: 49.4 | P15: 3.28
A16: 46038 | F16: 0 | G16: 0 | H16: 0 | I16: 0 | J16: 0 | K16: 1.36 | L16: 8.15 | M16: 30.7 | N16: 5 | O16: 48.4 | P16: 3.1
F17: 0 | G17: 0 | H17: 0 | I17: 0 | J17: 0 | K17: 1.34 | L17: 8.08 | M17: 30.5 | N17: 5.93 | O17: 47.9 | P17: 3.18
F18: 0 | G18: 0 | H18: 0 | I18: 0 | J18: 0 | K18: 1.65 | L18: 8.25 | M18: 30.9 | N18: 3.66 | O18: 49.1 | P18: 3.24
F19: 0 | G19: 0 | H19: 0 | I19: 0 | J19: 0 | K19: 2.24 | L19: 8.18 | M19: 30.1 | N19: 4.5 | O19: 48.6 | P19: 3.22
A20: 46039 | F20: 6.75 | G20: 18 | H20: 1 | I20: 575 | J20: NO | K20: 3.73 | L20: 8.5 | M20: 30 | N20: 0.94 | O20: 50.6 | P20: 3.35
F21: 6 | G21: 18 | I21: 987 | J21: NO | K21: 3.89 | L21: 8.2 | M21: 20.7 | N21: 4.36 | O21: 48.7 | P21: 3.25
A22: 46042 | C22: 0.44444444 | F22: 6 | G22: 18 | I22: 529 | J22: NO | K22: 3.99 | L22: 7.98 | M22: 27.7 | N22: 6.81 | O22: 47.4 | P22: 3.17
A23: 46043 | C23: 0.39722222 | F23: 6 | G23: 18 | I23: 945 | J23: NO | K23: 4.11 | L23: 8.28 | M23: 28.8 | N23: 3.52 | O23: 49.2 | P23: 3.28
B24: DESCREMADA | F24: 6 | G24: 18 | I24: 775 | J24: NO | K24: 3.97 | L24: 8.1 | M24: 28.2 | N24: 5.48 | O24: 48.1 | P24: 3.21
A25: 46044 | C25: 0.36041667 | D25: 2710 | F25: 6.63 | G25: 18 | I25: 541 | J25: NO | K25: 3.54 | L25: 7.9 | M25: 27.8 | N25: 7.74 | O25: 46.8 | P25: 3.13
F26: 6.63 | G26: 18 | I26: 633 | J26: NO | K26: 3.68 | L26: 8.17 | M26: 28.8 | N26: 4.66 | O26: 48.6 | P26: 3.23
K27: 0.45 | L27: 8.26 | M27: 32 | N27: 3.71 | O27: 49.1 | P27: 3.23
A28: 46045 | F28: 6.8 | G28: 15 | I28: 775 | J28: NO | K28: 3.56 | L28: 8.09 | M28: 28.5 | N28: 5.56 | O28: 48.1 | P28: 3.2
K29: 2.91 | L29: 5.43 | M29: 18.6 | N29: 37.3 | O29: 30.4 | P29: 2.23
K30: 3.08 | L30: 8.06 | M30: 28.8 | N30: 5.91 | O30: 47.9 | P30: 3.19
A31: 46046
A34: 46049 | C34: 0.34027778 | D34: 2680 | F34: 6.69 | G34: 18 | I34: 891 | J34: NO | K34: 3.8 | L34: 8.12 | M34: 28.5 | N34: 5.24 | O34: 48.2 | P34: 3.22
F35: 6.6 | G35: 17 | I35: 474 | J35: NO | K35: 3.89 | L35: 8.2 | M35: 20.7 | N35: 4.36 | O35: 48.7 | P35: 3.25
A36: 46050 | C36: 0.45555556 | D36: 2590 | F36: 6.78 | G36: 16 | I36: 417 | J36: NO | K36: 3.54 | L36: 7.82 | M36: 27.5 | N36: 8.65 | O36: 46.3 | P36: 3.1
F37: 6.76 | G37: 16 | I37: 417 | J37: NO | K37: 3.95 | L37: 8.09 | M37: 28.2 | N37: 5.59 | O37: 48 | P37: 3.21
K38: 3.58 | L38: 8.19 | M38: 28.9 | N38: 4.42 | O38: 48.7 | P38: 3.24
A39: 46051 | F39: 6.8 | G39: 16 | J39: NO | K39: 8.46 | L39: 7.51 | M39: 21.9 | N39: 11.7 | O39: 44.7 | P39: 3.04
F40: 6.8 | G40: 16 | J40: NO | K40: 8.48 | L40: 7.83 | M40: 23.2 | N40: 9.36 | O40: 46 | P40: 3.16
F41: 6.7 | G41: 17 | I41: 737 | J41: NO | K41: 3.75 | L41: 7.93 | M41: 27.7 | N41: 7.38 | O41: 47 | P41: 3.15
K42: 2.89 | L42: 8.03 | M42: 28.9 | N42: 6.28 | O42: 47.7 | P42: 3.17
K43: 3.08 | L43: 8.02 | M43: 28.7 | N43: 6.39 | O43: 47.6 | P43: 3.17
K44: 3 | L44: 7.77 | M44: 27.8 | N44: 9.36 | O44: 46 | P44: 3.08
A45: 46052 | C45: 0.32847222 | D45: 2580 | F45: 6.8 | G45: 18 | J45: NO | K45: 3.52 | L45: 7.88 | M45: 27.7 | N45: 7.97 | O45: 46.7 | P45: 3.13
F46: 6.8 | G46: 18 | J46: NO | K46: 3.6 | L46: 8.13 | M46: 28 | N46: 5.11 | O46: 48.3 | P46: 3.22
F47: 6.9 | G47: 16 | I47: 833 | J47: NO | K47: 3.67 | L47: 8.14 | M47: 28.7 | N47: 5 | O47: 48.4 | P47: 3.22
A48: 46053 | C48: 0.32013889 | D48: 2680 | F48: 6.9 | G48: 18 | I48: 841 | J48: NO | K48: 3.47 | L48: 8.04 | M48: 28.4 | N48: 6.14 | O48: 47.7 | P48: 3.18
K49: 3.38 | L49: 8.03 | M49: 28.5 | N49: 6.25 | O49: 47.7 | P49: 3.8
K50: 2.8 | L50: 7.98 | M50: 28.8 | N50: 6.89 | O50: 47.3 | P50: 3.15
K51: 3.1 | L51: 8.17 | M51: 29.3 | N51: 4.62 | O51: 48.6 | P51: 3.23
A52: 46056 | E52: SI | G52: 18 | J52: NO | K52: 4.08 | L52: 7.3 | M52: 27 | N52: 8.47 | O52: 46.4 | P52: 3.11
J53: NO | K53: 3.61 | L53: 8.09 | M53: 28.5 | N53: 5.57 | O53: 48.1 | P53: 3.2
K54: 3.64 | L54: 8 | M54: 28.1 | N54: 6.59 | O54: 47.5 | P54: 3.17
K55: 2.92 | L55: 7.86 | N55: 8.31 | O55: 4 | P55: 3.18
K56: 3.04 | L56: 7.8 | M56: 27.8 | N56: 8.99 | O56: 46.1 | P56: 3.09
A57: 46057 | D57: 2590 | E57: SI | G57: 17 | I57: 979 | J57: NO | K57: 3.62 | L57: 8 | M57: 28.1 | N57: 6.59 | O57: 47.3 | P57: 3.17
G58: 18 | I58: 745 | J58: NO | K58: 3.19 | L58: 8.06 | M58: 28.8 | N58: 5.91 | O58: 47.9 | P58: 3.19
K59: 3.64 | L59: 8.22 | M59: 29 | N59: 4.09 | O59: 48.9 | P59: 3.25
K60: 3.51 | L60: 7.87 | M60: 27.7 | N60: 8.08 | O60: 46.7 | P60: 3.12
A61: 46058 | C61: 0.36805556 | D61: 2700 | G61: 18 | I61: 954 | J61: NO | K61: 3.63 | L61: 7.99 | M61: 28.1 | N61: 6.7 | O61: 47.4 | P61: 3.17
G62: 18 | I62: 900 | J62: NO | K62: 3.64 | L62: 8.1 | M62: 28.5 | N62: 5.45 | O62: 48.1 | P62: 3.21
K63: 3.64 | L63: 8.09 | M63: 28.5 | N63: 5.57 | O63: 48.1 | P63: 3.2
K64: 3.61 | L64: 8.09 | M64: 28.5 | N64: 5.57 | O64: 48.1 | P64: 3.2
A65: 46059 | C65: 0.32222222 | D65: 2570 | G65: 18 | I65: 862 | J65: NO | K65: 3.68 | L65: 7.83 | M65: 27.4 | N65: 8.52 | O65: 46.4 | P65: 3.11
G66: 16 | I66: 783 | K66: 3.56 | L66: 8.06 | M66: 28.4 | N66: 5.91 | O66: 47.9 | P66: 3.19
K67: 3.49 | L67: 7.99 | M67: 28.2 | N67: 6.71 | O67: 47.4 | P67: 3.17
A68: 46060 | C68: 0.325 | D68: 2620 | G68: 16 | K68: 3.34 | L68: 7.82 | M68: 27.6 | N68: 8.68 | O68: 46.3 | P68: 3.1
G69: 16 | J69: NO | K69: 3.49 | L69: 7.95 | M69: 28 | N69: 7.17 | O69: 47.2 | P69: 3.15
K70: 3.29 | L70: 7.89 | M70: 28 | N70: 7.89 | O70: 46.8 | P70: 3.13
K71: 2.69 | L71: 7.73 | M71: 27.9 | N71: 9.94 | O71: 45.6 | P71: 3.06
A72: 46063 | C72: 0.31597222 | D72: 2580 | E72: SI | G72: 16 | I72: 1285 | J72: NO | K72: 3.69 | L72: 8 | M72: 28.1 | N72: 6.59 | O72: 47.5 | P72: 3.17
K73: 3.74 | L73: 8.2 | M73: 28.8 | N73: 4.33 | O73: 48.7 | P73: 3.24
A74: 46064 | C74: 0.34791667 | D74: 2800 | E74: SI | G74: 17 | I74: 858 | J74: NO | K74: 3.37 | L74: 7.6 | M74: 26.7 | N74: 11.2 | O74: 44.9 | P74: 3.02
K75: 3.38 | L75: 7.77 | M75: 27.4 | N75: 9.26 | O75: 46 | P75: 3.08
K76: 2.37 | L76: 7.6 | M76: 27.6 | N76: 11.7 | O76: 44.7 | P76: 3.01 | R76: DESCREMANDO
K77: 2.47 | L77: 7.48 | M77: 27.1 | N77: 13.1 | O77: 43.9 | P77: 2.97 | R77: TINA LLENA
A78: 46065 | C78: 0.3125 | D78: 2400 | E78: SI | G78: 17 | J78: NO | K78: 3.66 | L78: 8.05 | M78: 28.3 | N78: 6.02 | O78: 47.8 | P78: 3.19
G79: 17 | K79: 3.61 | L79: 7.96 | M79: 28 | N79: 7.05 | O79: 47.2 | P79: 3.16
K80: 0.4 | L80: 8.06 | M80: 31.2 | N80: 6.49 | O80: 47.5 | P80: 3.16 | R80: DESCREMANDO
K81: 2.65 | L81: 7.73 | M81: 27.9 | N81: 9.95 | O81: 45.6 | P81: 3.06 | R81: TINA LLENA
A82: 46066 | R82: NO HUBO LECHE
A83: 46067 | C83: 0.48611111 | D83: 3550 | E83: SI | F83: 6.6 | G83: 18 | I83: 1244 | J83: NO | K83: 3.41 | L83: 7.75 | M83: 27.3 | N83: 9.48 | O83: 45.9 | P83: 3.08
G84: 17 | I84: 1358 | K84: 3.39 | L84: 8.16 | M84: 29 | N84: 4.75 | O84: 48.5 | P84: 3.23
K85: 3.54 | L85: 8.13 | M85: 28.7 | N85: 5.11 | O85: 48.3 | P85: 3.22 | R85: TINA LLENA
A86: 46068
A87: 46069
A88: 46070
A89: 46071 | C89: 0.37083333 | D89: 3400 | E89: SI | F89: 6.82 | G89: 18 | I89: 1172 | J89: NO | K89: 3.5 | L89: 7.96 | M89: 28.1 | N89: 7.05 | O89: 47.2 | P89: 3.5
G90: 18 | I90: 1188 | K90: 3.5 | L90: 8.02 | M90: 28.3 | N90: 6.37 | O90: 47.6 | P90: 3.18
K91: 3.67 | L91: 8.21 | M91: 28.9 | N91: 4.21 | O91: 48.8 | P91: 3.25 | R91: TINA LLENA
A92: 46072 | R92: LECHE MUY ACIDA
A93: 46073 | C93: 0.33333333 | D93: 2520 | E93: SI | F93: 6.81 | G93: 14 | I93: 1381 | K93: 3.62 | L93: 7.98 | M93: 28 | N93: 6.82 | O93: 47.4 | P93: 3.16
K94: 3.57 | L94: 7.9 | M94: 27.8 | N94: 7.73 | O94: 46.8 | P94: 3.13
K95: 0.12 | L95: 8.19 | M95: 32 | N95: 4.78 | O95: 48.5 | P95: 3.2 | R95: LECHE DECREMADA
K96: 2.74 | L96: 7.9 | M96: 28.5 | N96: 7.87 | O96: 46.8 | P96: 3.12 | R96: TINA LLENA
A97: 46074 | C97: 0.30555556 | D97: 2490 | E97: SI | G97: 16 | I97: 1408 | K97: 3.6 | L97: 7.84 | M97: 27.5 | N97: 8.41 | O97: 46.5 | P97: 3.11
G98: 16 | I98: 1425 | K98: 3.6 | L98: 7.93 | M98: 27.9 | N98: 7.39 | O98: 47 | P98: 3.14
K99: 0.58 | L99: 7.93 | M99: 30.5 | N99: 8.21 | O99: 46.6 | P99: 3.11 | R99: LECHE DESCREMADA
K100: 2.16 | L100: 7.81 | M100: 28.7 | N100: 9.14 | O100: 46.1 | P100: 3.09 | R100: TINA LLENA
A101: 46079 | C101: 0.39583333 | D101: 2540 | E101: SI | G101: 18 | I101: 1166 | K101: 3.69 | L101: 7.92 | M101: 27.8 | N101: 7.5 | O101: 47 | P101: 3.14
G102: 18 | I102: 987 | K102: 3.66 | L102: 8.08 | M102: 28.4 | N102: 5.68 | O102: 48 | P102: 3.2
...

Sheet INVENTARIO DINAMICO
A1: N° | B1: NOMBRE | C1: PRESENTACION | D1: ESTADO | E1: PROVEEDOR | F1: EXPIRACION | G1: ENTRADA | H1: STOCK MINIMO | I1: CONDICION | J1: STOCK INICIAL | K1: STOCK OCUPADO | L1: STOCK RESTANTE | M1: CONDICION | Q1: STOCK RESTANTE | S1: STOC DEL DIA 03/02/2026 | U1: stock 04/02 | W1: STOCK DEL 05 | Y1: STOCK 23 | Z1: =INT(TODAY()) -> 46108 | AA1: STOCK25 | AC1: STOCK 26 | AE1: STOCK 27
A2: 1 | B2: SAZONADOR DE QUESO CHEDDAR EN POLVO | C2: BOLSA DE 25 KG | D2: SOLIDO- POLVO NARANJA | E2: ALSEC - NUTRALIM | G2: 25 | H2: KG | J2: 0.47 | K2: =SUMIFS('Registro chedar dinamico'!G:G,'Registro chedar dinamico'!A:A,$Z$1) -> 0 | L2: =+Tabla1[[#This Row],[STOCK INICIAL]]-Tabla1[[#This Row],[STOCK OCUPADO]] -> 0.47 | Q2: =J2 -> 0.47 | S2: 4.266 | U2: 3.834 | W2: 3.618 | Y2: 0.793 | AA2: -0.143 | AC2: 0.75 | AE2: 0.318
A3: 2 | B3: COLORANTE URUCUM DE ACHIOTE | C3: BIDON 20 L | D3: LIQUIDO - NARANJA | G3: 1 | H3: L | J3: 3.138 | K3: =SUMIFS('Registro chedar dinamico'!M:M,'Registro chedar dinamico'!A:A,$Z$1) -> 0 | L3: =+Tabla1[[#This Row],[STOCK INICIAL]]-Tabla1[[#This Row],[STOCK OCUPADO]] -> 3.138 | Q3: =J3 -> 3.138 | S3: 6.23 | U3: 6.23 | W3: 6.23 | Y3: 1.5 | AA3: 1.5 | AC3: 1.5 | AE3: 1.1
A4: 3 | B4: ESENCIA QUESO CHEDDAR RB 2831 | C4: FRASCO DE 1 L | D4: LIQUIDO - TRANSLUCIDO | E4: SAPORITI | G4: 1 | H4: L | J4: 4 | K4: =SUMIFS('Registro chedar dinamico'!N:N,'Registro chedar dinamico'!A:A,$Z$1) -> 0 | L4: =+Tabla1[[#This Row],[STOCK INICIAL]]-Tabla1[[#This Row],[STOCK OCUPADO]] -> 4 | Q4: =J4 -> 4 | S4: 1.68 | U4: 1.68 | W4: 1.68 | Y4: 1 | AA4: 1 | AC4: 1 | AE4: 0.95
A5: 4 | B5: ESENCIA SABOR CREMA RB 2784 | C5: FRASCO DE 1 L | D5: LIQUIDO - TRANSLUCIDO | E5: SAPORITI | G5: 1 | H5: L | I5: MAYOR A 0.5 | J5: 1 | K5: 0 | L5: =+Tabla1[[#This Row],[STOCK INICIAL]]-Tabla1[[#This Row],[STOCK OCUPADO]] -> 1 | Q5: =J5 -> 1 | S5: 1 | U5: 1 | W5: 1 | Y5: 1 | AA5: 1 | AC5: 1 | AE5: 1
A6: 5 | B6: ACIDO FOSFORICO AL 85% | C6: FRASCO DE 1 L | D6: LIQUIDO - TRANSLUCIDO | E6: AMERICANA - CBBA | G6: 5 | H6: L | I6: 0 | J6: 9 | K6: =SUMIFS('Registro chedar dinamico'!J:J,'Registro chedar dinamico'!A:A,$Z$1) -> 0 | L6: =+Tabla1[[#This Row],[STOCK INICIAL]]-Tabla1[[#This Row],[STOCK OCUPADO]] -> 9 | Q6: =J6 -> 9 | S6: 10 | U6: 9.95 | W6: 9.915 | Y6: 9.934 | AA6: 9.899 | AC6: 9.899 | AE6: 9.869
A7: 6 | B7: ACIDO LACTICO AL 80% | C7: FRASCO DE 1 KG | D7: LIQUIDO - TRANSLUCIDO | E7: AMERICANA - CBBA | G7: 5 | H7: L | I7: 0 | J7: 8 | K7: =SUMIFS('Registro chedar dinamico'!H:H,'Registro chedar dinamico'!A:A,$Z$1) -> 0 | L7: =+Tabla1[[#This Row],[STOCK INICIAL]]-Tabla1[[#This Row],[STOCK OCUPADO]] -> 8 | Q7: =J7 -> 8 | S7: 12 | U7: 11.61 | W7: 11.41 | Y7: 9.572 | AA7: 9.268 | AC7: 9.268 | AE7: 8.998
A8: 7 | B8: ACIDO CITRICO | C8: BOLSA DE 25 KG | D8: SOLIDO - TEXTURA TIPO AZUCAR | E8: z | G8: 10 | H8: KG | I8: 0 | J8: 24.169 | K8: =SUMIFS('Registro chedar dinamico'!I:I,'Registro chedar dinamico'!A:A,$Z$1) -> 0 | L8: =+Tabla1[[#This Row],[STOCK INICIAL]]-Tabla1[[#This Row],[STOCK OCUPADO]] -> 24.169 | Q8: =J8 -> 24.169 | S8: 24.18 | U8: 24.18 | W8: 24.18 | Y8: 22.83 | AA8: 22.83 | AC8: 22.83 | AE8: 22.806
A9: 8 | B9: ALCOHOL ETILICO 70% | C9: BIDON DE 10 L | D9: LIQUIDO INCOLORO | E9: SOLQUIFAR | G9: 5 | H9: L | I9: MAYOR A 5 | J9: 5.25 | K9: 0 | L9: =+Tabla1[[#This Row],[STOCK INICIAL]]-Tabla1[[#This Row],[STOCK OCUPADO]] -> 5.25 | Q9: =J9 -> 5.25 | S9: 7 | U9: 7 | W9: 7 | Y9: 4 | AA9: 4 | AC9: 4 | AE9: 4
A10: 9 | B10: BICARBONATO DE SODIO | C10: BOLSA DE 25 KG | D10: SOLIDO - POLVO BLANCO | E10: PROQUINSA | G10: 50 | H10: KG | I10: MAYOR A 5 | J10: 155.95 | K10: =SUMIFS('REGISTRO DULCE DINAMICO'!E:E,'REGISTRO DULCE DINAMICO'!A:A,$Z$1) -> 0 | L10: =+Tabla1[[#This Row],[STOCK INICIAL]]-Tabla1[[#This Row],[STOCK OCUPADO]] -> 155.95 | Q10: =J10 -> 155.95 | S10: 83.53 | U10: 83.53 | W10: 83.53 | Y10: 81.595 | AA10: 81.595 | AC10: 81.595 | AE10: 80.6
A11: 10 | B11: PERFECTAMYL GEL | C11: BOLSA DE 25 KG | D11: SOLIDO - POLVO BLANCO | E11: AVEBE ROYAL | G11: 25 | H11: KG | I11: MAYOR A 10 | J11: 28.176 | K11: =SUMIFS('REGISTRO DULCE DINAMICO'!C:C,'REGISTRO DULCE DINAMICO'!A:A,$Z$1)+SUMIFS('Registro chedar dinamico'!E:E,'Registro chedar dinamico'!A:A,$Z$1) -> 0 | L11: =+Tabla1[[#This Row],[STOCK INICIAL]]-Tabla1[[#This Row],[STOCK OCUPADO]] -> 28.176 | Q11: =J11 -> 28.176 | S11: 9.02 | U11: 6.114 | W11: 4.661 | Y11: 41.571 | AA11: 36.999 | AC11: 36.999 | AE11: 27.753
A12: 11 | B12: ALMIDON MODIFICADO | C12: BOLSA DE 25 KG | D12: SOLIDO - POLVO | E12: LORENZ | G12: 50 | H12: KG | I12: MAYOR A 10 | J12: 90.85 | K12: =SUMIFS('HILADO DINAMICO'!B:B,'HILADO DINAMICO'!A:A,$Z$1) -> 0 | L12: =+Tabla1[[#This Row],[STOCK INICIAL]]-Tabla1[[#This Row],[STOCK OCUPADO]] -> 90.85 | Q12: =IFERROR(J12-LOOKUP(2,1/('HILADO DINAMICO'!B:B<>""),'HILADO DINAMICO'!B:B),J12) -> 90.85 | S12: 90.852 | U12: 90.852 | W12: 90.852 | Y12: 86.37 | AA12: 86.37 | AC12: 86.37 | AE12: 86.37
A13: 12 | B13: SAL ICL | C13: BOLSA DE 25 KG | D13: SOLIDO - POLVO BLANCO | E13: ALT - IND BRASILENA | G13: 50 | H13: KG | I13: 0 | J13: 53.67 | K13: =SUMIFS('Registro chedar dinamico'!F:F,'Registro chedar dinamico'!A:A,$Z$1) -> 0 | L13: =+Tabla1[[#This Row],[STOCK INICIAL]]-Tabla1[[#This Row],[STOCK OCUPADO]] -> 53.67 | Q13: =J13 -> 53.67 | S13: 76.3 | U13: 74.782 | W13: 74.023 | Y13: 55.505 | AA13: 53.125 | AC13: 53.125 | AE13: 51.935
A14: 13 | B14: CLORURO DE CALCIO | C14: BOLSA DE 25 KG | D14: SOLIDO - TEXTURA TIPO AZUCAR | E14: IND. CHINA | G14: 50 | H14: KG | I14: MAYOR A 5 | J14: 358.45 | K14: =SUMIFS('CUAJADA DINAMICO'!D:D,'CUAJADA DINAMICO'!A:A,$Z$1) -> 0 | L14: =+Tabla1[[#This Row],[STOCK INICIAL]]-Tabla1[[#This Row],[STOCK OCUPADO]] -> 358.45 | Q14: =J14 -> 358.45 | S14: 486.04 | U14: 486.04 | W14: 486.04 | Y14: 479.42 | AA14: 479.42 | AC14: 479.42 | AE14: 478.54
A15: 14 | B15: GELATINA EN POLVO | C15: BOLSA DE 25 KG | D15: SOLIDO - GRANULOSO AMARILLENTO | E15: ROUSSELOT - ALICAMP | G15: 10 | H15: KG | I15: 0 | J15: 10.878 | K15: =SUMIFS('Registro chedar dinamico'!L:L,'Registro chedar dinamico'!A:A,$Z$1) -> 0 | L15: =+Tabla1[[#This Row],[STOCK INICIAL]]-Tabla1[[#This Row],[STOCK OCUPADO]] -> 10.878 | Q15: =J15 -> 10.878 | S15: 10.672 | U15: 10.382 | W15: 10.237 | Y15: 8.532 | AA15: 8.058 | AC15: 8.058 | AE15: 7.826
A16: 15 | B16: AGUA DESIONIZADA | C16: BIDON DE 10 L | D16: LIQUIDO INCOLORO | E16: TELCHI | G16: 20 | H16: L | I16: MAYOR A 10 | K16: 0 | L16: =+Tabla1[[#This Row],[STOCK INICIAL]]-Tabla1[[#This Row],[STOCK OCUPADO]] -> 0 | Q16: =J16 -> 0 | S16: 36 | U16: 36 | W16: 36 | Y16: 36 | AA16: 36 | AC16: 36 | AE16: 36
A17: 16 | B17: SUERO EN POLVO | C17: BOLSA DE 25 KG | D17: SOLIDO - POLVO AMARILLENTO | E17: SANTA MARIA - MIGUEL PERETTI | G17: 25 | H17: KG | I17: -2 | J17: 21.9 | K17: =SUMIFS('Registro chedar dinamico'!D:D,'Registro chedar dinamico'!A:A,$Z$1) -> 0 | L17: =+Tabla1[[#This Row],[STOCK INICIAL]]-Tabla1[[#This Row],[STOCK OCUPADO]] -> 21.9 | Q17: =J17 -> 21.9 | S17: 66.37 | U17: 63.464 | W17: 62.011 | Y17: 41.679 | AA17: 37.107 | AC17: 37.107 | AE17: 34.821
A18: 17 | B18: HIDROXIDO DE SODIO 0.11 N | C18: FRASCO DE 1 L | D18: LIQUIDO INCOLORO | E18: TELCHI | G18: 2 | H18: L | I18: MAYOR A 0.25 | K18: 0 | L18: =+Tabla1[[#This Row],[STOCK INICIAL]]-Tabla1[[#This Row],[STOCK OCUPADO]] -> 0 | Q18: =J18 -> 0 | S18: 0.43 | U18: 0.43 | W18: 0.43 | Y18: 0.43 | AA18: 0.43 | AC18: 0.43 | AE18: 0.43
A19: 18 | B19: AGAR AGAR | C19: BOLSA DE 1 KG | D19: SOLIDO - POLVO AMARILLENTO | E19: NUTRALIM | G19: 1 | H19: KG | I19: MAYOR A 2 | J19: 4.503 | K19: =SUMIFS('REGISTRO DULCE DINAMICO'!D:D,'REGISTRO DULCE DINAMICO'!A:A,$Z$1) -> 0 | L19: =+Tabla1[[#This Row],[STOCK INICIAL]]-Tabla1[[#This Row],[STOCK OCUPADO]] -> 4.503 | Q19: =J19 -> 4.503 | S19: 1.68 | U19: 1.68 | W19: 1.68 | Y19: 1.24 | AA19: 1.24 | AC19: 1.24 | AE19: 0.94
A20: 19 | B20: SORBATO DE POTASIO | C20: BOLSA DE 25 KG | D20: SOLIDO - TEXTURA GRANULADA | G20: 10 | H20: KG | I20: MAYOR A 0,5 | J20: =6.45+0.433 -> 6.883 | K20: =SUMIFS('Registro chedar dinamico'!K:K,'Registro chedar dinamico'!A:A,$Z$1)+SUMIFS('REGISTRO DULCE DINAMICO'!F:F,'REGISTRO DULCE DINAMICO'!A:A,$Z$1) -> 0 | L20: =+Tabla1[[#This Row],[STOCK INICIAL]]-Tabla1[[#This Row],[STOCK OCUPADO]] -> 6.883 | Q20: =J20 -> 6.883 | S20: 14.19 | U20: 14.19 | W20: 14.19 | Y20: 12 | AA20: 12 | AC20: 12 | AE20: 11.596
A21: 20 | B21: GOMA XANTANA | C21: BOLSA DE 1 KG | D21: SOLIDO - POLVO BLANCO | E21: AMERICANA - CBBA | G21: 1 | H21: KG | I21: MAYOR A 0.25 | K21: 0 | L21: =+Tabla1[[#This Row],[STOCK INICIAL]]-Tabla1[[#This Row],[STOCK OCUPADO]] -> 0 | Q21: =J21 -> 0 | S21: 0.478 | U21: 0.478 | W21: 0.478 | Y21: 0.478 | AA21: 0.478 | AC21: 0.478 | AE21: 0.478
A22: 21 | B22: VAINILLA | C22: FRASCO 1/2 L | D22: LIQUIDO | E22: BIOTAL | G22: 0.5 | H22: L | I22: MAYOR A 10 | J22: 200 | K22: =SUMIFS('REGISTRO DULCE DINAMICO'!G:G,'REGISTRO DULCE DINAMICO'!A:A,$Z$1) -> 0 | L22: =+Tabla1[[#This Row],[STOCK INICIAL]]-Tabla1[[#This Row],[STOCK OCUPADO]] -> 200 | Q22: =J22 -> 200 | S22: 0.282 | U22: 0.282 | W22: 0.282 | Y22: 0.229 | AA22: 0.229 | AC22: 0.229 | AE22: 0.217
A23: 22 | B23: EDULCORANTE LIQUIDO | C23: BALDE DE 20 KG | E23: MAPRIAL | G23: 10 | H23: KG | I23: MAYOR 15 | J23: 16 | K23: 0 | L23: =+Tabla1[[#This Row],[STOCK INICIAL]]-Tabla1[[#This Row],[STOCK OCUPADO]] -> 16 | Q23: =J23 -> 16 | S23: 12.8 | U23: 12.8 | W23: 12.8 | Y23: 6 | AA23: 6 | AC23: 6 | AE23: 6
A24: 23 | B24: HIDROXIDO DE SODIO | C24: BOLSA DE 1 KG | D24: SOLIDO - BLANCO CRISTALINO | G24: 4 | H24: KG | I24: MAYOR A 1 | K24: 0 | L24: =+Tabla1[[#This Row],[STOCK INICIAL]]-Tabla1[[#This Row],[STOCK OCUPADO]] -> 0 | Q24: =J24 -> 0 | S24: 4 | U24: 4 | W24: 4 | Y24: 4 | AA24: 4 | AC24: 4 | AE24: 4
A25: 24 | B25: SOLUCION DESINFECTANTE 15% | C25: BIDON DE 20 KG | D25: LIQUIDO | E25: SPARTAN | G25: 20 | H25: L | I25: MAYOR A 5 | K25: 0 | L25: =+Tabla1[[#This Row],[STOCK INICIAL]]-Tabla1[[#This Row],[STOCK OCUPADO]] -> 0 | Q25: =J25 -> 0 | S25: 20 | U25: 20 | W25: 20 | Y25: 20 | AA25: 20 | AC25: 20 | AE25: 20
A26: 25 | B26: CLOROCLEAN | C26: BIDON DE 20 KG | D26: LIQUIDO | E26: SPARTAN | G26: 20 | H26: L | I26: MAYOR A 5 | K26: 0 | L26: =+Tabla1[[#This Row],[STOCK INICIAL]]-Tabla1[[#This Row],[STOCK OCUPADO]] -> 0 | Q26: =J26 -> 0 | S26: 20 | U26: 20 | W26: 20 | Y26: 20 | AA26: 20 | AC26: 20 | AE26: 20
A27: 26 | B27: HIPROX 500 - PEROXIDO DE HIDROGENO | C27: BIDON DE 20 KG | D27: LIQUIDO | E27: EVONIK | G27: 20 | H27: KG | I27: MAYOR A 5 | K27: 0 | L27: =+Tabla1[[#This Row],[STOCK INICIAL]]-Tabla1[[#This Row],[STOCK OCUPADO]] -> 0 | Q27: =J27 -> 0 | S27: 20 | U27: 20 | W27: 20 | Y27: 20 | AA27: 20 | AC27: 20 | AE27: 20
A28: 23 | B28: MANTEQUILLA | C28: BIDON | G28: 20 | H28: KG | K28: =SUMIFS('Registro chedar dinamico'!B:B,'Registro chedar dinamico'!A:A,$Z$1) -> 0 | L28: =+Tabla1[[#This Row],[STOCK INICIAL]]-Tabla1[[#This Row],[STOCK OCUPADO]] -> 0 | Q28: =J28 -> 0 | S28: 40 | U28: 17.6 | W28: 7.2 | Y28: -7.6 | AA28: -41.2 | AC28: -41.2 | AE28: -58
A29: 28 | B29: AZUCAR | C29: BOLSA DE 25 KG | D29: SOLIDO | E29: AGUAI | G29: 50 | H29: KG | I29: mayor 50 | J29: 2700 | K29: =SUMIFS('REGISTRO DULCE DINAMICO'!B:B,'REGISTRO DULCE DINAMICO'!A:A,$Z$1) -> 0 | L29: =+Tabla1[[#This Row],[STOCK INICIAL]]-Tabla1[[#This Row],[STOCK OCUPADO]] -> 2700 | S29: 0 | U29: 0 | W29: 0 | Y29: 50 | AA29: 50 | AC29: 50 | AE29: 108
A30: 29 | B30: FERMENTO HANSEN | C30: BOLSA DE 0,025 KG | D30: SOLIDO | G30: 0.175 | H30: KG | I30: MAYOR | J30: 0.25 | K30: =SUMIFS('CUAJADA DINAMICO'!B:B,'CUAJADA DINAMICO'!A:A,$Z$1) -> 0 | L30: =+Tabla1[[#This Row],[STOCK INICIAL]]-Tabla1[[#This Row],[STOCK OCUPADO]] -> 0.25 | S30: 0.1 | U30: 0.05 | W30: 0 | Y30: 0.225 | AA30: 0.225 | AC30: 0.225 | AE30: 0.175
A31: 30 | B31: CUAJO ALBAMAX | C31: FRASCO DE 0,500 KG | D31: SOLIDO | E31: ALBAMAX | G31: 0.5 | H31: KG | I31: MAYOR 1 | J31: 1.242 | K31: =SUMIFS('CUAJADA DINAMICO'!C:C,'CUAJADA DINAMICO'!A:A,$Z$1) -> 0 | L31: =+Tabla1[[#This Row],[STOCK INICIAL]]-Tabla1[[#This Row],[STOCK OCUPADO]] -> 1.242 | S31: 1.395 | U31: 1.3535 | W31: 1.2775 | Y31: 0.866 | AA31: 0.866 | AC31: 0.866 | AE31: 0.776
A32: 31 | B32: CITRIC ACID ANHIDROUS | C32: BOLSA DE 1 KG | D32: SOLIDO | E32: ALBAMAX | G32: 1.5 | H32: KG | I32: MAYOR 2 | J32: 3.481 | K32: =SUMIFS('CUAJADA DINAMICO'!C:C,'CUAJADA DINAMICO'!A:A,$Z$1) -> 0 | L32: =+Tabla1[[#This Row],[STOCK INICIAL]]-Tabla1[[#This Row],[STOCK OCUPADO]] -> 3.481
A33: 32 | B33: BENZUATO DE SODIO | C33: BOLSA DE 1 KG | D33: SOLIDO | E33: ALBAMAX | G33: 2.5 | H33: KG | I33: MAYOR 3 | J33: 0.954 | K33: =SUMIFS('CUAJADA DINAMICO'!C:C,'CUAJADA DINAMICO'!A:A,$Z$1) -> 0 | L33: =+Tabla1[[#This Row],[STOCK INICIAL]]-Tabla1[[#This Row],[STOCK OCUPADO]] -> 0.954
A34: 33 | B34: CARRAGENINA | C34: BOLSA DE 500 G | G34: 1 | I34: MAYOR 1 | J34: 0.381 | K34: =SUMIFS('CUAJADA DINAMICO'!C:C,'CUAJADA DINAMICO'!A:A,$Z$1) -> 0 | L34: =+Tabla1[[#This Row],[STOCK INICIAL]]-Tabla1[[#This Row],[STOCK OCUPADO]] -> 0.381
A35: 34 | B35: LECITINA DE SOYA | C35: BOLSA DE 1 KG | G35: 1 | I35: MAYOR 1 | J35: 0.234 | K35: =SUMIFS('CUAJADA DINAMICO'!C:C,'CUAJADA DINAMICO'!A:A,$Z$1) -> 0 | L35: =+Tabla1[[#This Row],[STOCK INICIAL]]-Tabla1[[#This Row],[STOCK OCUPADO]] -> 0.234
A36: 35 | B36: LECHE EN POLVO MAFRALAC | C36: BOLSA DE 25 KG | G36: 25 | I36: MAYOR A 1 | J36: =16+1.092+25+25 -> 67.092 | K36: =SUMIFS('CUAJADA DINAMICO'!C:C,'CUAJADA DINAMICO'!A:A,$Z$1) -> 0 | L36: =+Tabla1[[#This Row],[STOCK INICIAL]]-Tabla1[[#This Row],[STOCK OCUPADO]] -> 67.092
A37: 36 | B37: GOMA GUAR | C37: BOLSA DE 1 KG | G37: 1 | I37: MAYOR A 1 | J37: 0.763 | K37: =SUMIFS('CUAJADA DINAMICO'!C:C,'CUAJADA DINAMICO'!A:A,$Z$1) -> 0 | L37: =+Tabla1[[#This Row],[STOCK INICIAL]]-Tabla1[[#This Row],[STOCK OCUPADO]] -> 0.763
A38: 37 | B38: MALTODEXTRINA EN POLVO | C38: BOLSA 1 KG | G38: 1 | I38: MAYOR A 1 | J38: 9 | K38: =SUMIFS('CUAJADA DINAMICO'!C:C,'CUAJADA DINAMICO'!A:A,$Z$1) -> 0 | L38: =+Tabla1[[#This Row],[STOCK INICIAL]]-Tabla1[[#This Row],[STOCK OCUPADO]] -> 9
A39: 38 | B39: CARBOXIMETICELULOSA SODICA EN POLVO | C39: BOLA DE 1 KG | I39: MAYOR A 1 | J39: 5.307 | K39: =SUMIFS('CUAJADA DINAMICO'!C:C,'CUAJADA DINAMICO'!A:A,$Z$1) -> 0 | L39: =+Tabla1[[#This Row],[STOCK INICIAL]]-Tabla1[[#This Row],[STOCK OCUPADO]] -> 5.307

Sheet Inventario
A1: INSUMOS GRULAC S.R.L. | B1: NAN | C1: NAN_1 | D1: NAN_2 | E1: NAN_3 | F1: NAN_4 | G1: NAN_5 | H1: NAN_6 | I1: NAN_7 | J1: NAN_8 | K1: NAN_9 | L1: NAN_10
A2: N° | B2: NOMBRE | C2: PRESENTACION | D2: ESTADO | E2: PROVEEDOR | F2: EXPIRACION | G2: ENTRADA | H2: UNIDAD | I2: CONDICION | J2: STOCK | K2: STOCK OCUPADO | L2: STOCK RESTANTE
A3: 1 | B3: SAZONADOR DE QUESO CHEDDAR EN POLVO | C3: BOLSA DE 1 KG | D3: SOLIDO- POLVO NARANJA | E3: ALSEC - NUTRALIM | F3: 46128 | G3: 1 | H3: KG | I3: 0 | J3: 0.283
A4: 2 | B4: COLORANTE URUCUM DE ACHIOTE | C4: FRASCO DE 1 L | D4: LIQUIDO - NARANJA | F4: 46174 | G4: 1 | H4: L | I4: 0 | J4: 0.13
A5: 3 | B5: ESENCIA QUESO CHEDDAR RB 2831 | C5: FRASCO DE 1 L | D5: LIQUIDO - TRANSLUCIDO | E5: SAPORITI | F5: 46296 | G5: 1 | H5: L | I5: 0 | J5: 0.9
A6: 4 | B6: ESENCIA SABOR CREMA RB 2784 | C6: FRASCO DE 1 L | D6: LIQUIDO - TRANSLUCIDO | E6: SAPORITI | F6: 46204 | G6: 1 | H6: L | I6: MAYOR A 0.5 | J6: 1
A7: 5 | B7: ACIDO FOSFORICO AL 85% | C7: FRASCO DE 1 L | D7: LIQUIDO - TRANSLUCIDO | E7: AMERICANA - CBBA | F7: 46227 | G7: 1 | H7: L | I7: 0 | J7: 0.8
A8: 6 | B8: ACIDO LACTICO AL 80% | C8: FRASCO DE 1 L | D8: LIQUIDO - TRANSLUCIDO | E8: AMERICANA - CBBA | G8: 1 | H8: L | I8: 0 | J8: 0.45
A9: 7 | B9: ACIDO CITRICO ANHIDRIDO | C9: BOLSA DE 25 KG | D9: SOLIDO - TEXTURA TIPO AZUCAR | E9: SIN EMPRESA | F9: 46795 | G9: 25 | H9: KG | I9: 0 | J9: 23
A10: 8 | B10: ALCOHOL ETILICO 70% | C10: BIDON DE 10 L | D10: LIQUIDO INCOLORO | E10: SOLQUIFAR | F10: 46935 | G10: 10 | H10: L | I10: MAYOR A 5 | J10: 8
A11: 9 | B11: BICARBONATO DE SODIO | C11: BOLSA DE 25 KG | D11: SOLIDO - POLVO BLANCO | E11: PROQUINSA | F11: 46558 | G11: 25 | H11: KG | I11: MAYOR A 5 | J11: 21
A12: 10 | B12: PERFECTAMYL GEL | C12: BOLSA DE 25 KG | D12: SOLIDO - POLVO BLANCO | E12: AVEBE ROYAL | F12: S/F | G12: 50 | H12: KG | I12: MAYOR A 10 | J12: 29
A13: 11 | B13: ALMIDON MODIFICADO | C13: BOLSA DE 25 KG | D13: SOLIDO - POLVO | E13: LORENZ | F13: 24 MESES | G13: 25 | H13: KG | I13: MAYOR A 10 | J13: 25
A14: 12 | B14: SAL ICL | C14: BOLSA DE 25 KG | D14: SOLIDO - POLVO BLANCO | E14: ALT - IND BRASILENA | F14: 46569 | G14: 50 | H14: KG | I14: 0 | J14: 45
A15: 13 | B15: CLORURO DE SODIO | C15: BOLSA DE 25 KG | D15: SOLIDO - TEXTURA TIPO AZUCAR | E15: IND. CHINA | F15: 46350 | G15: 25 | H15: KG | I15: MAYOR A 5 | J15: 24.3
A16: 14 | B16: GELATINA EN POLVO | C16: BOLSA DE 25 KG | D16: SOLIDO - GRANULOSO AMARILLENTO | E16: ROUSSELOT - ALICAMP | F16: S/F | G16: 25 | H16: KG | I16: 0 | J16: 22.4
A17: 15 | B17: AGUA DESIONIZADA | C17: BIDON DE 10 L | D17: LIQUIDO INCOLORO | E17: TELCHI | F17: 46260 | G17: 40 | H17: L | I17: MAYOR A 10 | J17: 36
A18: 16 | B18: SUERO EN POLVO | C18: BOLSA DE 25 KG | D18: SOLIDO - POLVO AMARILLENTO | E18: SANTA MARIA - MIGUEL PERETTI | F18: NO VISIBLE | G18: 25 | H18: KG | I18: -2 | J18: 18
A19: 17 | B19: HIDROXIDO DE SODIO 0.11 N | C19: FRASCO DE 1 L | D19: LIQUIDO INCOLORO | E19: TELCHI | F19: 46249 | G19: 1 | H19: L | I19: MAYOR A 0.25 | J19: 0.95
A20: 18 | B20: AGAR - AGAR | C20: BOLSA DE 1 KG | D20: SOLIDO - POLVO AMARILLENTO | E20: NUTRALIM | F20: 46406 | G20: 5 | H20: KG | I20: MAYOR A 2 | J20: 4.5
A21: 19 | B21: SABOR PARMESANO | C21: BOLSA DE 1 KG | D21: SOLIDO - POLVO BLANCO | E21: NOVALCRUZ | F21: 46215 | G21: 1 | H21: KG | I21: MAYOR A 0,5 | J21: 1
A22: 20 | B22: GOMA XANTANA | C22: BOLSA DE 1 KG | D22: SOLIDO - POLVO BLANCO | E22: AMERICANA - CBBA | F22: 46425 | G22: 1 | H22: KG | I22: MAYOR A 0.25 | J22: 0.478
A23: 21 | B23: GRASA DE PALMA | C23: BOLSA EN CAJA DE 24 KG | D23: SOLIDO - BLANCO MANTECOSO | E23: AGROPALMA | F23: 46204 | G23: 72 | H23: KG | I23: MAYOR A 10 | J23: 72
A24: 22 | B24: ACEITE COMESTIBLE | C24: BOLSA EN CAJA DE 20 KG | D24: SOLIDO- BLANCO MANTECOSO | E24: FINCA DELAZO | F24: S/F | G24: 20 | H24: KG | I24: MAYOR A 5 | J24: 20
A25: 23 | B25: HIDROXIDO DE SODIO | C25: BOLSA DE 1 KG | D25: SOLIDO - BLANCO CRISTALINO | G25: 4 | H25: KG | I25: MAYOR A 1 | J25: 4
A26: 24 | B26: SOLUCION DESINFECTANTE 15% | C26: BIDON DE 20 KG | D26: LIQUIDO | E26: SPARTAN | F26: 46204 | G26: 20 | H26: KG | I26: MAYOR A 5 | J26: 20
A27: 25 | B27: CLOROCLEAN | C27: BIDON DE 20 KG | D27: LIQUIDO | E27: SPARTAN | F27: 46225 | G27: 20 | H27: KG | I27: MAYOR A 5 | J27: 20
A28: 26 | B28: HIPROX 500 - PEROXIDO DE HIDROGENO | C28: BIDON DE 20 KG | D28: LIQUIDO | E28: EVONIK | F28: 46157 | G28: 20 | H28: KG | I28: MAYOR A 5 | J28: 20

Sheet Recetas
B2: RECETA CHEDDAR FINAL
B3: Ingrediente | C3: Porcentaje | D3: 52 Kilos | E3: 50 Kilos | F3: 104 Kilos
B4: Cuajada | C4: 0.5097 | D4: =52*C4 -> 26.5044 | E4: =50*C4 -> 25.485 | F4: =C4*104 -> 53.0088
B5: Mantequilla | C5: 0.2234 | D5: =52*C5 -> 11.6168 | E5: =50*C5 -> 11.17 | F5: =C5*104 -> 23.2336
B6: Agua | C6: 0.15399 | D6: =52*C6 -> 8.00748 | E6: =50*C6 -> 7.6995 | F6: =C6*104 -> 16.01496
B7: Suero | C7: 0.02794 | D7: =52*C7 -> 1.45288 | E7: =50*C7 -> 1.397 | F7: =C7*104 -> 2.90576
B8: Sal ICL | C8: 0.01459 | D8: =52*C8 -> 0.75868 | E8: =50*C8 -> 0.7295 | F8: =C8*104 -> 1.51736
B9: Almidon | C9: 0.02794 | D9: =52*C9 -> 1.45288 | E9: =50*C9 -> 1.397 | F9: =C9*104 -> 2.90576
B10: Saborizante | C10: 0.00838 | D10: =52*C10 -> 0.43576 | E10: =50*C10 -> 0.419 | F10: =C10*104 -> 0.87152
B11: A. Lactico | C11: 0.01954 | D11: =52*C11 -> 1.01608 | E11: =50*C11 -> 0.977 | F11: =C11*104 -> 2.03216
B12: A. Citrico | C12: 0.00279 | D12: =52*C12 -> 0.14508 | E12: =50*C12 -> 0.1395 | F12: =C12*104 -> 0.29016
B13: A. Fosforico | C13: 0.00418 | D13: =52*C13 -> 0.21736 | E13: =50*C13 -> 0.209 | F13: =C13*104 -> 0.43472
B14: Sorbato | C14: 0.00127 | D14: =52*C14 -> 0.06604 | E14: =50*C14 -> 0.0635 | F14: =C14*104 -> 0.13208
B15: Gelatina | C15: 0.00279 | D15: =52*C15 -> 0.14508 | E15: =50*C15 -> 0.1395 | F15: =C15*104 -> 0.29016
... B17: Esencia | C17: 0.0014 | D17: =52*C17 -> 0.0728 | E17: =50*C17 -> 0.07 | F17: =C17*104 -> 0.1456
B19: Total | C19: =SUM(C4:C18) -> 1.0035 | D19: =SUM(D4:D18) -> 52.182 | E19: =SUM(E4:E18) -> 50.175 | F19: =SUM(F4:F17) -> 104.364

Sheet RECETA DE DULCE
A2: RECETA DULCE REPOSTERO
A3: Ingrediente | B3: Proporcion | C3: 220 litros | D3: 240 litros | E3: Porcentaje (%)
A4: LECHE | C4: 220 | D4: 240 | E4: =(C4/$C$11)*100 -> 100
A5: BICARBONATO DE SODIO | B5: 1,50 g/litro | C5: 0.33 | D5: 0.36 | E5: =(C5/C11)*100 -> 0.15
A6: AZUCAR | B6: 0.21 | C6: 46.2 | D6: 50.4 | E6: =(C6/C11)*100 -> 21
A7: SORBATO | B7: 0,30 g/litro | C7: 0.066 | D7: 0.072 | E7: =(C7/C11)*100 -> 0.03
A8: ALMIDON PERFECTAMYL | B8: 16 g/litro | C8: 3.52 | D8: 3.84 | E8: =(C8/C11)*100 -> 1.6
A9: VAINILLA | B9: 0,025 g/litro | C9: 0.0055 | D9: 0.006 | E9: =(C9/C11)*100 -> 0.0025
A10: AGAR - AGAR | B10: 0,535 g/litro | C10: 0.17655 | D10: 0.1926 | E10: =(C10/C11)*100 -> 0.08025
A11: TOTAL | C11: 220
A13: RECETA DULCE FAMILIAR
A14: Ingrediente | B14: Proporcion | C14: 220 litros | D14: 240 litros | E14: Porcentaje (%)
A15: BICARBONATO DE SODIO | B15: 1,16 g/litro | C15: 0.2552 | D15: 0.28 | E15: =(D15/240)*100 -> 0.11666667
A16: AZUCAR | B16: 0.18 | C16: 39.6 | D16: 43.2 | E16: =(D16/240)*100 -> 18
A17: SORBATO | B17: 0,30 g/litro | C17: 0.066 | D17: 0.072 | E17: =(D17/240)*100 -> 0.03
A18: ALMIDON PERFECTAMYL | B18: 8 g/litro | C18: 1.76 | D18: 1.92 | E18: =(D18/240)*100 -> 0.8
A19: VAINILLA | B19: 0,025 g/litro | C19: 0.0055 | D19: 0.006 | E19: =(D19/240)*100 -> 0.0025
A20: GLUCOSA | B20: 0.02 | C20: 4.4 | D20: 4.8 | E20: =(D20/240)*100 -> 2
A21: TOTAL

Sheet Registro Dulce
B5: Fecha | C5: Tipo | D5: Registro | E5: Recepcion | G5: Materia Prima y Aditivos (kg) | N5: Control 1° | R5: Control 2° | V5: Control 3° | Z5: Control 4° | AD5: Control 5° | AH5: Control 6° | AL5: Control 7° (ENVASADO) | AP5: Producto Obtenido (Kg) | AQ5: Rendimiento | AR5: Presentacion | AU5: Hora
E6: pH | F6: Acidez (D°) | G6: LECHE | H6: AZUCAR | I6: ALMIDON PERFECTAMYL | J6: AGAR -AGAR | K6: BICARBONATO DE SODIO | L6: SORBATO | M6: VAINILLA | N6: Hora | O6: Grados Bx° | P6: P. General | Q6: P. Entrada | R6: Hora | S6: Grados Bx° | T6: P. General | U6: P. Entrada | V6: Hora | W6: Grados Bx° | X6: P. General | Y6: P. Entrada | Z6: Hora | AA6: Grados Bx° | AB6: P. General | AC6: P. Entrada | AD6: Hora | AE6: Grados Bx° | AF6: P. General | AG6: P. Entrada | AH6: Hora | AI6: Grados Bx° | AJ6: P. General | AK6: P. Entrada | AL6: Hora | AM6: Grados Bx° | AN6: P. General | AO6: P. Entrada | AR6: Balde (5 Kg) | AS6: Balde (1 Kg) | AT6: Envases (250 g) | AU6: Mezclado | AV6: Coccion | AW6: Final
B7: 45898 | C7: Familiar | D7: SI | E7: 6.59 | F7: 15 | G7: 220 | H7: 46 | I7: 1.76 | J7: - | K7: 0.255 | L7: 0.066 | M7: 0.005 | N7: 0.44652778 | O7: 40 | P7: 2.8 | Q7: 1.8 | R7: 0.46180556 | S7: 53 | T7: 3.75 | U7: 2.8 | V7: - | W7: - | X7: - | Y7: - | Z7: - | AA7: - | AB7: - | AC7: - | AD7: - | AE7: - | AF7: - | AG7: - | AH7: - | AI7: - | AJ7: - | AK7: - | AL7: - | AM7: 71 | AN7: - | AO7: - | AP7: 97.6 | AQ7: =AP7/G7 -> 0.44363636 | AR7: 19.5 | AS7: - | AT7: - | AU7: 0.36805556 | AV7: 0.40277778 | AW7: -
B8: 45909 | C8: Repostero | D8: SI | E8: 6.44 | F8: 16 | G8: 240 | H8: 50 | I8: 3.84 | J8: 0.192 | K8: 0.36 | L8: 0.072 | M8: 0.005 | N8: - | O8: - | P8: - | Q8: - | R8: - | S8: - | T8: - | U8: - | V8: 0.47222222 | W8: 48 | X8: 3 | Y8: 2.2 | Z8: - | AA8: - | AB8: - | AC8: - | AD8: - | AE8: - | AF8: - | AG8: - | AH8: - | AI8: - | AJ8: - | AK8: - | AL8: - | AM8: - | AN8: - | AO8: - | AP8: 97 | AQ8: =AP8/G8 -> 0.40416667 | AR8: 19 | AS8: - | AT8: - | AU8: 0.35416667 | AV8: 0.38541667 | AW8: -
B9: 45910 | C9: Familiar | D9: SI | E9: 6.51 | F9: 16 | G9: 250 | H9: 52.5 | I9: 4 | J9: - | K9: 0.375 | L9: - | M9: 0.005 | N9: - | O9: - | P9: - | Q9: - | R9: - | S9: - | T9: - | U9: - | V9: - | W9: - | X9: - | Y9: - | Z9: - | AA9: - | AB9: - | AC9: - | AD9: - | AE9: - | AF9: - | AG9: - | AH9: - | AI9: - | AJ9: - | AK9: - | AL9: - | AM9: - | AN9: - | AO9: - | AP9: 125 | AQ9: =AP9/G9 -> 0.5 | AR9: 25 | AS9: - | AT9: - | AU9: - | AV9: - | AW9: -
B10: 45911 | C10: Repostero | D10: SI | E10: - | F10: - | G10: 240 | H10: 50 | I10: 3.82 | J10: 0.192 | K10: 0.36 | L10: 0.072 | M10: 0.005 | N10: 0.40625 | O10: 40 | P10: 3,1/2,4 | Q10: 1.5 | R10: 0.42083333 | S10: 48 | T10: 3.2 | U10: 1.5 | V10: 0.45208333 | W10: 50 / 51,2 | X10: 3,5 / 2,5 | Y10: 1.5 | Z10: 0.46458333 | AA10: 60 | AB10: 2,5 / 4,5 | AC10: 1.5 | AD10: 0.47222222 | AE10: 65 / 67 | AF10: 4,5 / 1,5 | AG10: 1.5 | AH10: 0.47847222 | AI10: 68 / 71,5 | AJ10: - | AK10: - | AL10: 0.48402778 | AM10: 72 / 76 | AN10: - | AO10: - | AP10: 110 | AQ10: =AP10/G10 -> 0.45833333 | AR10: 22 | AS10: - | AT10: - | AU10: - | AV10: 0.36805556 | AW10: 0.48611111
B11: 45912 | C11: Repostero | D11: SI | E11: 6.54 | F11: 15 | G11: 240 | H11: 50 | I11: 3.82 | J11: 0.192 | K11: 0.36 | L11: 0.072 | M11: 0.005 | N11: 0.40625 | O11: 45 / 46,1 | P11: 2,8 / 2,5 | Q11: 1.5 | R11: 0.41666667 | S11: 52 / 57,5 | T11: 3 / 2,5 | U11: 1 | V11: 0.44444444 | W11: 52 / 51,5 | X11: 2,5 / 2 | Y11: 1.5 | Z11: 0.45833333 | AA11: 59 / 60,7 | AB11: 2 | AC11: 1.5 | AD11: 0.46875 | AE11: 66 / 68,5 | AF11: 2 | AG11: 1.4 | AH11: 0.47569444 | AI11: 69 / 70 | AJ11: 1,8 / 2 | AK11: 1.5 | AL11: - | AM11: - | AN11: - | AO11: - | AP11: 90 | AQ11: =AP11/G11 -> 0.375 | AR11: 18 | AS11: - | AT11: - | AU11: 0.34027778 | AV11: 0.375 | AW11: 0.47916667
B12: 45913 | C12: Repostero | D12: SI | E12: 6.42 | F12: 15 | G12: 240 | H12: 50 | I12: 3.84 | J12: 0.192 | K12: 0.192 | L12: 0.072 | M12: 0.005 | N12: 0.39930556 | O12: 39 / 39,4 | P12: 4 / 2,75 | Q12: 1.5 | R12: 0.40972222 | S12: 46 / 45 | T12: 3,5 / 2,5 | U12: 1.5 | V12: 0.45208333 | W12: 46 / 49 | X12: 3 / 2,5 | Y12: 1.5 | Z12: 0.46666667 | AA12: 53 / 55 | AB12: 4,2 / 2,1 | AC12: 1.5 | AD12: 0.47638889 | AE12: 58 / 59,6 | AF12: 45692 | AG12: 1.5 | AH12: 0.48472222 | AI12: 64 / 65,3 | AJ12: - | AK12: - | AL12: 0.49305556 | AM12: 68 / 70,5 | AN12: - | AO12: - | AP12: 100 | AQ12: =AP12/G12 -> 0.41666667 | AR12: 19 | AS12: 5 | AT12: - | AU12: 0.34722222 | AV12: 0.36805556 | AW12: 0.49513889
B13: 45917 | C13: Familiar | D13: SI | E13: 6.61 | F13: 18 | G13: 240 | H13: 50 | I13: 1.92 | J13: - | K13: 0.28 | L13: 0.072 | M13: 0.006 | N13: 0.40972222 | O13: 37 | P13: 5 / 2,5 | Q13: 1.5 | R13: 0.4375 | S13: 51 | T13: 5/ 2,8 | U13: 1.6 | V13: 0.46180556 | W13: 55 | X13: 4,7 / 3 | Y13: 1.5 | Z13: 0.49444444 | AA13: 53 / 54 | AB13: 4 / 2,3 | AC13: 1.5 | AD13: 0.50277778 | AE13: 57 / 59 | AF13: - | AG13: - | AH13: - | AI13: - | AJ13: - | AK13: - | AL13: - | AM13: - | AN13: - | AO13: - | AP13: 102.75 | AQ13: =AP13/G13 -> 0.428125 | AR13: 11 | AS13: 4 | AT13: 175 | AU13: - | AV13: 0.36805556 | AW13: 0.50486111
B14: 45918 | C14: Repostero | D14: SI | E14: 6.56 | F14: 15 | G14: 244 | H14: 50 | I14: 3.84 | J14: 0.192 | K14: 0.36 | L14: 0.072 | M14: 0.005 | N14: 0.45347222 | O14: 37 / 38,7 | P14: 7,5 / 1,5 | Q14: 1.5 | R14: 0.48194444 | S14: 44 / 45,2 | T14: 4 / 1,6 | U14: 1.5 | V14: 0.51736111 | W14: 45 / 45,3 | X14: 4 / 1,6 | Y14: 1.5 | Z14: 0.53125 | AA14: 49 / 50,3 | AB14: 3,5 / 1,5 | AC14: 1.4 | AD14: 0.54236111 | AE14: 55 / 59,7 | AF14: 3,7 / 1,4 | AG14: 1.3 | AH14: 0.55069444 | AI14: 58 / 61 | AJ14: 3 / 1,5 | AK14: 1.5 | AL14: 0.51944444 | AM14: 63 / 66,1 | AN14: 2,7 / 1,8 | AO14: 1.6 | AP14: 107 | AQ14: =AP14/G14 -> 0.43852459 | AR14: 20 | AS14: 7 | AT14: - | AU14: 0.375 | AV14: 0.41319444 | AW14: 0.57013889
B15: 45919 | C15: Repostero | D15: SI | E15: 6.57 | F15: 16 | G15: 245 | H15: 50 | I15: 3.84 | J15: 0.192 | K15: 0.36 | L15: 0.072 | M15: 0.005 | N15: 0.42013889 | O15: 41 / 42,9 | P15: 3,2 / 1,8 | Q15: 1.5 | R15: 0.43402778 | S15: 43 / 43,5 | T15: 3 | U15: 1.5 | V15: 0.45208333 | W15: 42 / 41,4 | X15: 2,5 / 1,4 | Y15: 1.3 | Z15: 0.46666667 | AA15: 45 / 42,9 | AB15: 5 | AC15: 1.5 | AD15: 0.48402778 | AE15: 57 / 58 | AF15: 2,5 / 1,6 | AG15: 1.5 | AH15: 0.49166667 | AI15: 62 / 65 | AJ15: - | AK15: - | AL15: 0.50347222 | AM15: 59 / 72 | AN15: 3.5 | AO15: 1.5 | AP15: 100 | AQ15: =AP15/G15 -> 0.40816327 | AR15: 15 | AS15: 25 | AT15: - | AU15: 0.34722222 | AV15: 0.37430556 | AW15: -
B16: 45925 | C16: Repostero | D16: si | E16: 6.57 | F16: 15 | G16: 241 | H16: 50 | I16: 3.84 | J16: 0.192 | K16: 0.36 | L16: 0.072 | M16: 0.005 | N16: 0.42916667 | O16: 40 / 38,9 | P16: 4,5 / 1,8 | Q16: 1.5 | R16: 0.45347222 | S16: 48 / 49,7 | T16: 3,5 / 1,9 | U16: 1.5 | V16: 0.475 | W16: 50 / 51 | X16: 1.9 | Y16: 1.6 | Z16: 0.50138889 | AA16: 49 / 51 | AB16: 3 / 1,9 | AC16: 1.7 | AD16: 0.54097222 | AE16: 69 / 71 | AF16: - | AG16: - | AH16: - | AI16: - | AJ16: - | AK16: - | AL16: - | AM16: - | AN16: - | AO16: - | AP16: 97 | AQ16: =AP16/G16 -> 0.40248963 | AR16: 11 | AS16: 40 | AT16: - | AU16: 0.35416667 | AV16: 0.38194444 | AW16: -
B17: 46063 | C17: Repostero | F17: 16 | G17: 240 | H17: 40 | I17: 3.84 | J17: 0.15 | K17: 0.428 | L17: 0.15 | M17: 0.006 | N17: 0.41666667 | O17: 29,5/29,6 | P17: 2.6 | Q17: 2.1 | R17: 0.43055556 | S17: 34/34,3 | T17: 2 | U17: 1.9 | V17: 0.44444444 | W17: 39/38,7 | X17: 2.9 | Y17: 2.4 | Z17: 0.48611111 | AA17: 62/65,6 | AC17: 1.5 | AD17: 0.48958333 | AE17: 67/68,5 | AG17: 1.5 | AP17: 105.5 | AQ17: =AP17/G17 -> 0.43958333 | AR17: 21 | AS17: - | AT17: 2 | AU17: 0.35763889 | AV17: 0.375 | AW17: -
B18: 46064 | C18: Repostero | F18: 17 | G18: 240 | H18: 46 | I18: 3.84 | J18: 0.15 | K18: 0.429 | L18: 0.15 | M18: 0.006 | N18: 0.42708333 | O18: 33/32 | P18: 2,9/2,4 | Q18: 2.1 | R18: 0.44097222 | S18: 36/37,8 | T18: 2,9/2,4 | U18: 2.2 | V18: 0.45486111 | W18: 48/48,9 | X18: 2,5/2,2 | Y18: 2.1 | Z18: 0.46875 | AA18: 55,5/55 | AB18: 2,5/2,1 | AC18: 2.1 | AD18: 0.48263889 | AE18: 64/64,5 | AF18: 3/2,5 | AG18: 2.5 | AH18: 0.48958333 | AI18: 71 | AJ18: 3,4/2,8 | AK18: 2.8 | AL18: 0.51388889 | AM18: 65/66 | AN18: 3,3/2 | AO18: 1.5 | AP18: 103.7 | AQ18: =AP18/G18 -> 0.43208333 | AR18: 20 | AU18: 0.35763889 | AV18: 0.38541667
B19: 46067 | C19: Repostero | F19: 17 | G19: 250 | H19: 46 | I19: 3.84 | J19: 0.15 | K19: 0.523 | L19: 0.15 | M19: 0.006 | N19: 0.57986111 | O19: 30/28,5 | P19: 2,9/2,5 | Q19: 2 | R19: 0.59375 | S19: 34/35,3 | T19: 4/3,3 | U19: 2.2 | V19: 0.60763889 | W19: 39/38,7 | X19: 4/2,5 | Y19: 2.5 | Z19: 0.62152778 | AA19: 52 | AB19: - | AC19: - | AD19: 0.64375 | AE19: 62/61,2 | AQ19: =AP19/G19 -> 0
B20: 46073 | C20: Familiar | E20: 6.82 | F20: 14 | G20: 250 | H20: 43 | I20: 2.7 | J20: - | K20: 0.43 | L20: 0.15 | M20: 0.006 | N20: 0.48263889 | O20: 30/31 | Q20: 1.8 | R20: 0.51388889 | S20: 41,5/41,9 | T20: 3/2,4 | U20: 2.4 | V20: 0.52777778 | W20: 49/51 | X20: 3/2,50 | Y20: 2.2 | Z20: 0.55902778 | AA20: 62/64 | AB20: 2,8/1,8 | AC20: 1 | AD20: 0.55555556 | AE20: 65/67 | AF20: 2,70/1,8 | AG20: 1 | AP20: 80 | AQ20: =AP20/G20 -> 0.32 | AR20: 16 | AU20: 0.39583333 | AV20: 0.41666667
B21: 46079 | C21: Repostero | E21: 6.84 | F21: 18 | G21: 250 | H21: 46 | I21: 3.48 | J21: 0.15 | K21: 0.509 | L21: 0.15 | M21: 0.006 | N21: 0.47916667 | O21: 25/25,5 | P21: 3,00/2,00 | Q21: 1.5 | R21: 0.51041667 | S21: 35,5/37,5 | T21: 2,7/2,1 | U21: 2.1 | V21: 0.52777778 | W21: 45/45,4 | Y21: 2.5 | Z21: 0.54166667 | AA21: 52/51,7 | AB21: 3,5/3 | AC21: 2.5 | AD21: 0.55208333 | AE21: 60/62,80 | AF21: 4/1,5 | AG21: 1.1 | AH21: 0.5625 | AI21: 69/69,5 | AJ21: 4/1,5 | AK21: 1.1 | AP21: 100 | AQ21: =AP21/G21 -> 0.4 | AR21: 20
B22: 46080 | C22: Repostero | E22: 6.78 | F22: 16 | G22: 250 | H22: 46 | I22: 3.84 | J22: 0.15 | K22: 0.486 | L22: 0.15 | M22: 0.06 | N22: 0.42013889 | O22: 29/29,5 | P22: 3,8/2 | Q22: 2 | R22: 0.43055556 | S22: 31/31,6 | T22: 3,9/2,4 | U22: 2 | V22: 0.45486111 | W22: 38/38 | X22: 3/2,5 | Y22: 2.5 | Z22: 0.47222222 | AA22: 46/46,8 | AB22: 3/2,4 | AC22: 2.4 | AD22: 0.48611111 | AE22: 52/52,5 | AF22: 2,5/2,4 | AG22: 2 | AH22: 0.5 | AI22: 55/55,2 | AJ22: 3/2,5 | AK22: 1.5 | AL22: 0.51388889 | AM22: 65/65,3 | AN22: 2,5/2 | AO22: 1.5 | AP22: 106 | AQ22: =AP22/G22 -> 0.424 | AR22: 21
B23: 46085 | C23: Repostero | E23: 6.62 | F23: 17 | G23: 120 | H23: 46 | I23: 3480 | J23: 150 | K23: 0.456 | L23: 175 | M23: 0.006 | N23: 0.54861111 | O23: 31,5/33,5 | P23: 2/1,8 | Q23: 1.7 | R23: 0.56944444 | S23: 40/41,7 | T23: 2,2/1,8 | U23: 1.9 | V23: 0.58333333 | W23: 47/48,9 | X23: 2,2/1,8 | Y23: 1.9 | Z23: 0.59722222 | AA23: 48/48,8 | AB23: 2,1/1,9 | AC23: 1.9 | AD23: 0.61111111 | AE23: 55/57,8 | AF23: 2/1,5 | AG23: 1.5 | AH23: 0.625 | AI23: 53/56,2 | AJ23: 1,8/1,7 | AK23: 1.5 | AL23: 0.64583333 | AM23: 64/67,5 | AN23: 1,4/1,1 | AO23: 1.1 | AP23: 85 | AQ23: =AP23/G23 -> 0.70833333 | AR23: 17

Sheet STOCK DLCH
A1: DULCE LECHE FAMILIAR | K1: DULCE DE LECHE REPOSTRERO
H2: PESO | I2: CANTIDAD | S2: CANTIDAD | T2: PESO (KG)
A3: LOTE | B3: PRESENTACION | C3: CANTIDAD (UDS) | D3: PESO (KG) | F3: TOTAL | G3: 250 G | H3: =SUM(D4:D6) -> 103.5 | I3: =+SUM(C4:C6) -> 414 | K3: LOTE | L3: PRESENTACION | M3: CANTIDAD (UDS) | N3: PESO (KG) | Q3: TOTAL | R3: 1KG | S3: =+SUM(M4) -> 44 | T3: =+SUM(N4) -> 44
A4: 1212250945FL | B4: 250 G | C4: 169 | D4: 42.25 | G4: 5KG | H4: =+SUM(D7) -> 80 | I4: =+C7 -> 16 | K4: 0511250730RL | L4: 1 KG | M4: 44 | N4: 44 | R4: 5KG | S4: =+SUM(M5:M6) -> 41 | T4: =+SUM(N5:N6) -> 205
A5: 1301261200FL | B5: 250 G | C5: =142-H8 -> 136 | D5: =+C5*0.25 -> 34 | K5: 2602260900RL | L5: 5 KG | M5: 20 | N5: 100
A6: 2002260900FL | B6: 250G | C6: 109 | D6: 27.25 | F6: DESPACHO | K6: 2702260820RL | L6: 5KG | M6: 21 | N6: =21*5 -> 105 | Q6: DESPACHO
B7: 5KG | C7: 16 | D7: 80 | F7: FECHA | G7: LOTE | H7: CANTIDAD | I7: PRESENTACION | Q7: FECHA | R7: LOTE | S7: CANTIDAD | T7: PRESENTACION
F8: 46080 | G8: =+A5 -> 1301261200FL | H8: 6 | I8: 250 G

Sheet Registro de cheddar
A3: FECHA | B3: LOTE | C3: CANTIDAD (BOLSAS) | D3: PESO TOTAL (KG) | E3: PESADO DE MATERIA, ADITIVOS Y CONSERVANTES | T3: ENVASADO
E4: SUERO EN POLVO (KG) | F4: AGUA (KG) | G4: CUAJADA (KG) | H4: SAL ICL (KG) | I4: MANTEQUILLA (KG) | J4: GELATINA EN POLVO (KG) | K4: PERFECTAMYL EN GEL (KG) | L4: ACIDO LACTICO 10 % (KG) | M4: ACIDO FOSFORICO 10 % (KG) | N4: ACIDO CITRICO 10 % (KG) | O4: SORBATO DE POTASIO (KG) | P4: SABOR CHEDDAR (KG) | Q4: COLOR (KG) | R4: AROMA/ESENCIA (KG) | S4: SAL (KG) | T4: TEMPERATURA (°C) | U4: HORA INICIAL | V4: HORA FINAL
A5: 46055 | B5: 0202261200CHL | C5: 41 | D5: 43.3 | E5: 1.453 | F5: 10 | G5: 23 | H5: 0.759 | I5: 10.4 | J5: 0.145 | K5: 1.453 | L5: 0.18 | M5: 0.025 | N5: 0.015 | O5: 0.065 | P5: 0.216 | Q5: 0.28 | R5: 0.025 | S5: 0.05 | T5: 65 | U5: 0.60347222 | V5: 0.62361111
A6: 46055 | B6: 0202261500CHL | C6: 44 | D6: 47 | E6: 1.453 | F6: 9 | G6: 23 | H6: 0.759 | I6: 10.4 | J6: 0.145 | K6: 1.453 | L6: 0.091 | M6: 0.011 | N6: 0.046 | O6: 0.065 | P6: 0.216 | Q6: 0.256 | R6: 0.025 | S6: - | T6: 58 | U6: 0.68819444 | V6: 0.71111111
A7: 46057 | B7: 040226 | C7: 45 | E7: 1.453 | F7: 9.5 | G7: 23 | H7: 0.759 | I7: 10.4 | J7: 0.145 | K7: 1.453 | L7: 0.18 | M7: 0.025 | N7: 0.02 | O7: 0.065 | P7: 0.216 | Q7: 0.28 | R7: 0.025 | S7: - | T7: 61 | U7: 0.57638889 | V7: 0.60069444
A8: 46057 | B8: 040226 | E8: 1.453 | F8: 9 | G8: 23 | H8: 0.759 | I8: 10.4 | J8: 0.145 | K8: 1.453 | L8: 0.21 | M8: 0.025 | N8: 0.06 | O8: 0.065 | P8: 0.216 | Q8: 0.28 | R8: 0.025 | S8: - | T8: 59 | U8: 0.66666667 | V8: 0.6875
A9: 46058 | B9: 0502260900CHL | C9: 46 | E9: 1.453 | F9: 8.5 | G9: 23 | H9: 0.759 | I9: 10.4 | J9: 0.145 | K9: 1.453 | L9: 0.2 | M9: 0.035 | N9: 0.032 | O9: 0.065 | P9: 0.216 | Q9: 0.28 | R9: 0.035 | T9: 58 | U9: 0.40972222 | V9: 0.43402778
A10: 46063 | B10: 1002261400CHL | C10: 46 | E10: 1.225 | F10: 7.58 | G10: 23 | H10: 0.64 | I10: 8.9 | J10: 0.122 | K10: 1.225 | L10: 0.76 | M10: 0 | N10: 0.012 | O10: 0.055 | P10: 0.182 | Q10: 0.236 | R10: 0.021 | S10: - | T10: 55 | U10: 0.66666667 | V10: 0.6875
A11: 46064 | B11: 1102261400CHL | C11: 40 | E11: 1.14 | F11: 6 | G11: 18 | H11: 0.595 | I11: 8.2 | J11: 0.114 | K11: 1.14 | L11: 0.071 | M11: 0 | N11: 0.012 | O11: 0.051 | P11: 0.169 | Q11: 0.191 | R11: 0.016 | S11: 0.047 | U11: 0.66666667 | V11: 0.69097222
A12: 46065 | B12: 1202261000CHL | C12: 37 | E12: 1.135 | F12: 6 | G12: 18 | H12: 0.593 | I12: 8.2 | J12: 0.113 | K12: =1.135+0.37 -> 1.505 | L12: 0 | M12: 0 | N12: 0.012 | O12: 0.051 | P12: 0.213 | Q12: 0.196 | R12: 0.021 | S12: - | U12: 0.49305556 | V12: 0.51319444
A13: 46065 | B13: 1202261430CHL | C13: 38 | E13: 1.135 | F13: 6.5 | G13: 23 | H13: 0.593 | I13: 8.2 | J13: 0.113 | K13: 1.135 | L13: 0 | M13: 0 | N13: 0.012 | O13: 0.051 | P13: 0.213 | Q13: 0.196 | R13: 0.021 | S13: 0.06 | U13: 0.59375 | V13: 0.61388889
A14: 46066 | B14: 1302261400CHL | C14: 32 | D14: 34.55 | E14: 1.135 | H14: 0.593 | I14: 8.2 | J14: 0.113 | K14: 1.135 | L14: - | M14: - | N14: 0.012 | O14: 0.051 | P14: 0.216 | Q14: 0.196 | R14: 0.021 | S14: -
A15: 46065 | B15: 1202261600CHL | C15: 38 | E15: 1.141 | F15: 6 | G15: 18 | H15: 0.596 | I15: 8.2 | J15: 0.114 | K15: 1.143 | L15: - | M15: - | N15: 0.012 | O15: 0.051 | P15: 0.17 | Q15: 0.192 | R15: 0.016 | S15: 0.047
A16: 46066 | B16: 1302260800CHL | C16: 41 | D16: 40.35 | E16: 1.169 | F16: 5.5 | G16: 23 | H16: 0.595 | I16: 8.4 | J16: 0.117 | K16: 1.1171 | L16: - | M16: - | N16: 0.012 | O16: 0.052 | P16: 0.174 | Q16: 0.216 | R16: 0.017 | S16: - | T16: 60 | U16: 0.62152778 | V16: 0.64444444
A17: 46066 | B17: 1302261100CHL | C17: 35 | E17: 1.169 | F17: 5.5 | G17: 18.5 | H17: 0.595 | I17: 8.4 | J17: 0.117 | K17: 1.171 | L17: - | M17: - | N17: 0.012 | O17: 0.052 | P17: 0.174 | Q17: 0.216 | R17: 0.016 | S17: 0.048 | T17: 54
A18: 46066 | B18: 1302261400CHL | C18: 32 | D18: 34.55 | E18: 1.161 | F18: 6 | G18: =18+5 -> 23 | H18: 0.607 | I18: 8.4 | J18: 0.116 | K18: 1.164 | L18: - | M18: - | N18: 0.012 | O18: 0.052 | P18: 0.173 | Q18: 0.217 | R18: 0.016 | S18: -
A19: 46071 | B19: 1802261100CHL | C19: 41.5 | D19: 47.8 | E19: 1.169 | F19: 6 | G19: 23 | H19: 0.611 | I19: 8.4 | J19: 0.117 | K19: 1.171 | L19: - | M19: - | N19: 0.012 | O19: 0.052 | P19: 0.174 | Q19: 0.216 | R19: 0.016 | S19: 0.075
A20: 46071 | B20: 1808261330CHL | C20: 42 | D20: 48.95 | E20: 1.143 | F20: 6 | G20: 23 | H20: 0.597 | I20: 8.2 | J20: 0.114 | K20: 1.1146 | L20: 0.071 | M20: - | N20: 0.012 | O20: 0.051 | P20: 0.17 | Q20: 0.22 | R20: 0.025 | S20: -
A21: 46072 | B21: 1902261000CHL | C21: 40 | D21: 45.75 | E21: 1.135 | F21: 6 | G21: 23 | H21: 0.593 | I21: 8.4 | J21: 0.113 | K21: 1.137 | L21: - | M21: - | N21: 0.012 | O21: 0.052 | P21: 0.216 | Q21: 0.22 | R21: 0.025 | S21: -
A22: 46072 | B22: 1902261300CHL | C22: 43 | D22: 50 | E22: 1.143 | F22: 6 | G22: =23+5 -> 28 | H22: 0.595 | I22: 8.4 | J22: 0.116 | K22: 1.143 | L22: 0.083 | M22: - | N22: 0.014 | O22: 0.052 | P22: 0.216 | Q22: 0.22 | R22: 0.025 | S22: - | T22: 54
A23: 46076 | B23: 2302261000CHL | C23: 42 | D23: 47.35 | E23: 1.143 | F23: 6 | G23: 26 | H23: 0.595 | I23: 8.4 | J23: 0.116 | K23: 1.143 | L23: 0.124 | M23: 0.023 | N23: 0.014 | O23: 0.052 | P23: 0.216 | Q23: 0.22 | R23: 0.025 | S23: 0.055 | T23: 57 | U23: 0.49305556 | V23: 0.51388889
A24: 46076 | B24: 2302261300CHL | C24: 35 | D24: 40.95 | E24: 1.143 | F24: 6 | G24: 20 | H24: 0.595 | I24: 8.4 | J24: 0.116 | K24: 1.143 | L24: 0.18 | M24: 0.02 | N24: 0.014 | O24: 0.052 | P24: 0.216 | Q24: 0.2 | R24: 0.025 | S24: - | T24: 54 | U24: 0.60069444 | V24: 0.62638889
A25: 46076 | B25: 2302261530CHL | E25: 1.143 | F25: 6 | G25: 23 | H25: 0.595 | I25: 8.4 | J25: 0.116 | K25: 1.143 | L25: 0.124 | M25: 0.023 | N25: 0.014 | O25: 0.052 | P25: 0.216 | Q25: 0.216 | R25: 0.025 | S25: -
A26: 46078 | B26: 2502260930CHL | C26: 35 | D26: 39.95 | E26: 1.143 | F26: 6 | G26: 23 | H26: 0.595 | I26: 8.4 | J26: 0.116 | K26: 1.143 | L26: - | M26: - | N26: 0.04 | O26: 0.052 | P26: 0.216 | Q26: 0.19 | R26: 0.035 | S26: 0.03 | T26: 57 | U26: 0.43888889 | V26: 0.45486111
A27: 46078 | B27: 2502261130CHL | C27: 49 | D27: 48.3 | E27: 1.143 | F27: 6 | G27: 27 | H27: 0.595 | I27: 8.4 | J27: 0.116 | K27: 1.143 | L27: - | M27: - | N27: 0.012 | O27: 0.052 | P27: 0.24 | Q27: 0.22 | R27: 0.035 | S27: 0.04 | T27: 56 | U27: 0.52708333 | V27: 0.55
A28: 46078 | B28: 2502261330CHL | C28: 37 | D28: 41.55 | E28: 1.143 | F28: 6 | G28: 18 | H28: 0.595 | I28: 8.4 | J28: 0.116 | K28: 1.143 | L28: 0.18 | M28: 0.02 | N28: 0.012 | O28: 0.052 | P28: 0.24 | Q28: 0.19 | R28: 0.03 | S28: 0.04 | T28: 55 | U28: 0.61597222 | V28: 0.63888889
A29: 46079 | B29: 2602261530CHL | C29: 41 | D29: 46.25 | E29: 1.143 | F29: 6 | G29: 27 | H29: 0.595 | I29: 8.4 | J29: 0.116 | K29: 1.143 | L29: 0.09 | M29: 0.01 | N29: 0.012 | O29: 0.052 | P29: 0.216 | Q29: 0.22 | R29: 0.025 | S29: 0.055 | T29: 55 | U29: 0.69791667 | V29: 0.71527778
A30: 46080 | B30: 2702261400CHL | E30: 1.143 | F30: 6 | G30: 18 | H30: 0.595 | I30: 8.4 | J30: 0.116 | K30: 1.143 | L30: 0.18 | M30: 0.02 | N30: 0.012 | O30: 0.052 | P30: 0.216 | Q30: 0.18 | R30: 0.025 | S30: - | T30: 55 | U30: 0.61180556 | V30: 0.63541667

Sheet STOCK QCHL
A2: N° | B2: LOTE | C2: CANTIDAD (UDS) | D2: PESO(KG) | F2: TOTAL | G2: CANTIDAD (UDS) | H2: PESO (KG) | K2: DESPACHO
A3: 1 | B3: 1902261300CHL | C3: 23 | D3: 25.2 | G3: =+SUM(C3:C9) -> 255 | H3: =+SUM(D3:D9) -> 281.67 | K3: N° | L3: FECHA | M3: LOTE | N3: CANTIDAD | O3: PESO
A4: 2 | B4: 2302261300CHL | C4: 35 | D4: 40.87 | K4: 1
A5: 2 | B5: 2302261530CHL | C5: 35 | D5: 39.55 | K5: 2 | L5: 46087 | M5: =+B8 -> 2502261330CHL | N5: =+C8 -> 37 | O5: =+D8 -> 41.55
A6: 3 | B6: 2502260930CHL | C6: 35 | D6: 39.95 | K6: 3 | L6: 46087 | M6: =+B6 -> 2502260930CHL | N6: 9 | O6: 9.15
A7: 4 | B7: 2502261130CHL | C7: 49 | D7: 48.3 | K7: 4
A8: 5 | B8: 2502261330CHL | C8: 37 | D8: 41.55 | E8: LOTE VENDIDO | K8: 5
A9: 6 | B9: 2602261530CHL | C9: 41 | D9: 46.25 | K9: 6
K10: 7

Sheet CUAJADA
A1: FECHA | B1: LOTE | C1: VOLUMEN DE LECHE | D1: PH INICIAL | E1: HORA INICIAL | F1: HORA AGREGADO FERMENTO | G1: MASA DE FERMENTO | H1: MARCA FERMENTO | I1: PH AGREGADO DE FERMENTO | J1: TEMPERATURA | K1: MASA CaCl2 [g] | L1: HORA DE AGREGADO CaCl2 | M1: HORA DE AGREGADO DE CUAJO | N1: masa de cuajo [g] | O1: ph inicial | P1: temperaturafinal | Q1: Hora corte de cuajada | R1: Temperatura final | S1: ph final | T1: hora de vaciado | U1: hora inicial de preprensado | V1: hora final de ingreso a camara | W1: ph final de ingreso a camara | X1: temperatura | Y1: MASA PRENSADA | Z1: MASA CUAJADA | BQ1: masa total cuajada | BR1: RELACION LECHE/CUAJADA
A2: 46003 | B2: 121225STM | C2: 2700 | D2: 6,53/32,2 | E2: 0.38611111 | F2: 0.45763889 | G2: 2 BOLSAS DE 1000 | H2: ST081SACCO | I2: 6.55 | J2: 36.7 | K2: 532 | L2: 0.46736111 | M2: 0.46875 | N2: 42/43 | O2: 6.49 | P2: 36.7 | Q2: 0.51041667 | R2: 45 | S2: 6.07 | T2: 0.55555556 | U2: 0.56944444 | V2: 0.57986111 | W2: 5.44 | X2: 43
A3: 46004 | B3: 131225 | C3: 2900 | D3: 6,5/36,8 | E3: 0.36041667 | F3: 0.41875 | G3: 3 bolsas | H3: ST081SACCO | I3: 6.53 | J3: 36.6 | K3: 530 | L3: 0.42638889 | M3: 0.43055556 | N3: 48 | O3: 6.51 | P3: 36.5 | Q3: 0.45833333 | R3: 43.5 | S3: 6.27 | T3: 0.47916667 | U3: 0.49861111 | V3: 0.51388889 | W3: 5.97 | X3: 42
A4: 46008 | B4: 1712251047 | C4: 3000 | D4: 6.64 | E4: 0.44930556 | F4: 0.52569444 | G4: 2 | H4: ST081SACCO | I4: 6,68/6,64 | J4: 36.8 | K4: 500 | L4: 0.53333333 | M4: 0.53819444 | N4: 48 | O4: 6.59 | P4: 36.8 | Q4: 0.56944444 | R4: 43 | S4: 6.4 | T4: 0.62013889 | U4: 0.63680556 | V4: 0.65277778 | W4: 5.64 | X4: 43
A5: 46009 | B5: 1812250854 | C5: 2900 | D5: 6,93/6,84 | E5: 0.37083333 | F5: 0.42916667 | G5: 2 | H5: ST081SACCO | I5: 6.63 | J5: 36.5 | K5: 530 | L5: 0.44513889 | M5: 0.44652778 | N5: 45 | O5: 6.6 | P5: 36.6 | Q5: 0.47708333 | R5: 46.6 | V5: 0.55486111 | W5: 5.42 | X5: 45
A6: 46010 | B6: 1912250906 | C6: 2750 | E6: 0.37916667 | F6: 0.45833333 | G6: 2 | H6: ST081SACCO | I6: 6.64 | J6: 36.5 | K6: 344 | L6: 0.47986111 | M6: 0.48125 | N6: 44 | O6: 6.59 | P6: 36.5 | Q6: 0.50763889 | T6: 0.5375 | U6: 0.55555556 | V6: 0.56805556 | W6: 5.8 | X6: 44.2
A7: 46011 | B7: 2012250850 | C7: 2820 | D7: 6,58/37 | E7: 0.36805556 | F7: 0.43055556 | G7: 2 | H7: ST081SACCO | I7: 6.58 | J7: 36.6 | K7: 330 | L7: 0.45069444 | M7: 0.45138889 | N7: 44.5 | O7: 6.57 | P7: 36.6 | Q7: 0.48819444 | R7: 43 | S7: 5.93 | T7: 0.53333333
A8: 46014 | B8: 2312251130 | C8: 3000 | D8: 6.83 | F8: 0.53125 | G8: =50*2 -> 100 | H8: criollo | I8: 6,14/6,83 | J8: 36 | M8: 0.56319444 | N8: 61.5 | P8: 37 | Q8: 0.59583333 | R8: 41.8 | T8: 0.625
A9: 46030 | B9: 801261100 | C9: 3000 | D9: 6.54 | E9: 11:00:00 | F9: 0.53819444 | G9: 50 | H9: HANSEN | I9: 6.51 | J9: 36.4 | K9: 60 | L9: 0.53958333 | M9: 0.54722222 | N9: 34 | O9: 6.5 | P9: 36.3 | Q9: 0.57986111 | R9: 41 | S9: 6.07 | T9: 0.58541667 | U9: 0.59722222 | V9: 0.63888889 | W9: 5.7 | X9: 40.7 | Y9: 212.25 | Z9: 205.35 | BQ9: =SUM(Y9:BP9) -> 417.6 | BR9: =C9/BQ9 -> 7.183908
A10: 46031 | B10: 90126 | C10: 3000 | D10: 6.6 | E10: 0.38888889 | F10: 0.4875 | G10: 1.5 | H10: HANSEN | I10: 6.56 | J10: 36.1 | K10: 60 | L10: 0.48819444 | M10: 0.49722222 | N10: 34 | O10: 6.56 | P10: 36.1 | Q10: 0.54166667 | R10: 40.5 | S10: 6.46 | T10: 0.57013889 | U10: 0.58333333 | V10: 0.61458333 | W10: 6.46 | X10: 40.5 | Y10: 7.55 | Z10: 7.1 | AA10: 7.3 | AB10: 6.48 | AC10: 6.6 | AD10: 6.9 | AE10: 6.4 | AF10: 6.8 | AG10: 6.9 | AH10: 6.2 | AI10: 7.25 | AJ10: 7.2 | AK10: 6.95 | AL10: 5.9 | AM10: 5.85 | AN10: 4.8 | AO10: 6.95 | AP10: 6.2 | AQ10: 5.65 | AR10: 4.1 | AS10: 5.85 | AT10: 7.4 | AU10: 7.2 | AV10: 5.3 | AW10: 6 | AX10: 5.85 | AY10: 5.25 | AZ10: 6.05 | BA10: 6.2 | BB10: 7.1 | BC10: 6.95 | BD10: 7.3 | BE10: 6.6 | BF10: 18.6 | BG10: 17.25 | BH10: 15.95 | BI10: 23.2 | BJ10: 16.1 | BK10: 17.7 | BL10: 20.75 | BM10: 16.7 | BN10: 20.55 | BO10: 23.55 | BP10: 18.1 | BQ10: =SUM(Y10:BP10) -> 420.58 | BR10: =C10/BQ10 -> 7.1330068
A11: 46032 | B11: 100126 | C11: 2750 | D11: 6.57 | E11: 0.36111111 | F11: 0.43263889 | G11: p/1500 | H11: HANSEN | I11: 6.57 | J11: 36.1 | K11: 60 | L11: 0.43333333 | M11: 0.43958333 | N11: 34.5 | O11: 6.54 | P11: 36.1 | Q11: 0.47430556 | R11: 41.1 | S11: 6.06 | T11: 0.50833333 | U11: 0.53125 | V11: 0.57638889 | W11: 5.95 | X11: 40.6 | Y11: 6.9 | Z11: 7.1 | AA11: 6.7 | AB11: 6.6 | AC11: 7.65 | AD11: 6.8 | AE11: 6.85 | AF11: 6.65 | AG11: 6.95 | AH11: 6.65 | AI11: 7 | AJ11: 6.85 | AK11: 7.05 | AL11: 6.6 | AM11: 6.05 | AN11: 7.2 | AO11: 7 | AP11: 6.8 | AQ11: 6.65 | AR11: 7.9 | AS11: 6.65 | AT11: 6.85 | AU11: 7 | AV11: 7.6 | AW11: 6.5 | AX11: 6.85 | AY11: 6.15 | AZ11: 7.35 | BA11: 6.8 | BB11: 6.65 | BC11: 17.3 | BD11: 16.5 | BE11: 19.5 | BF11: 20.2 | BG11: 20.25 | BH11: 16.85 | BI11: 17.5 | BJ11: 15.55 | BK11: 15.8 | BL11: 16.55 | BQ11: =SUM(Y11:BP11) -> 382.35 | BR11: =C11/BQ11 -> 7.192363
A12: 46035 | B12: 13012026 | C12: 2850 | D12: 6.9 | F12: 0.55138889 | G12: 50 | H12: HANSEN | I12: 6.66 | J12: 36.7 | K12: 250 | L12: 0.55277778 | M12: 0.55902778 | N12: 35 | O12: 661 | P12: 36.7 | Q12: 0.58888889 | R12: 40.5 | S12: 6.6 | T12: 0.62638889 | U12: 0.64930556 | V12: 0.68263889 | W12: 6.19 | X12: 36.5 | Y12: 22.6 | Z12: 20.8 | AA12: 24.95 | AB12: 24.65 | AC12: 23.6 | AD12: 22.15 | AE12: 24.1 | AF12: 21.35 | AG12: 25.7 | AH12: 22.6 | AI12: 22.45 | AJ12: 23.8 | AK12: 24.45 | AL12: 21.6 | AM12: 9.7 | AN12: 22.65 | AO12: 25.4 | AP12: 23.6 | BQ12: =SUM(Y12:BP12) -> 406.15 | BR12: =C12/BQ12 -> 7.0171119
A13: 46036 | B13: 14012026 | C13: =1600+1500 -> 3100 | D13: 664/664 | E13: 9:00/9:52 | F13: 10:02/10:48 | G13: 25/25 | H13: HANSEN | I13: 6,64/6,64 | J13: 36,1/35,5 | K13: 160/150 | L13: 10:02/10:53 | M13: 10:20/11:17 | N13: 20/24 | O13: 6,61/6,6 | P13: 36,1/37,2 | Q13: 11:00/12:00 | R13: 43/44 | S13: 6,3/6,53 | T13: 11:55/13:15 | U13: 12/13:35 | V13: 13:40/14:30 | W13: 5,85/5,55 | X13: 39/39 | Y13: 29.9 | Z13: 29.7 | AA13: 25.45 | AB13: 19.45 | AC13: 26.15 | AD13: 21.15 | AE13: 20.9 | AF13: 24.8 | AG13: 22.1 | AH13: 22.85 | AI13: 14.2 | AJ13: 20.55 | AK13: 19.15 | AL13: 18.7 | AM13: 21.65 | AN13: 18.25 | AO13: 16.85 | AP13: 19.75 | AQ13: 18.35 | AR13: 20.95 | AS13: 19.2 | AT13: 23.95 | AU13: 8.15 | BQ13: =SUM(Y13:BP13) -> 482.15 | BR13: =C13/BQ13 -> 6.4295344
A14: 46037 | B14: 15012026 | C14: 2950 | D14: 6.58 | E14: 0.4375 | F14: 12;10 | G14: 50 | H14: HANSEN | I14: 6.57 | J14: 36 | K14: 301 | L14: 0.50972222 | M14: 0.5125 | N14: 48 | O14: 6.56 | P14: 36 | Q14: 0.54652778 | R14: 40.9 | T14: 0.58402778 | U14: 0.60347222 | V14: 0.68402778 | W14: 5.62 | X14: 38 | Y14: 19.55 | Z14: 26.35 | AA14: 24.5 | AB14: 21.25 | AC14: 22.9 | AD14: 24.15 | AE14: 24.5 | AF14: 24.45 | AG14: 23.45 | AH14: 21.25 | AI14: 23.35 | AJ14: 23.25 | AK14: 25.45 | AL14: 20.35 | AM14: 22.45 | BQ14: =SUM(Y14:BP14) -> 347.2 | BR14: =C14/BQ14 -> 8.4965438
A15: 46038 | B15: 16012026 | C15: 3000 | D15: 6.63 | E15: 0.375 | F15: 0.42986111 | G15: 5 | H15: HANSEN | I15: 6.66 | J15: 335.5 | K15: 300 | L15: 0.44097222 | M15: 0.45208333 | N15: 42.5 | O15: 6.63 | P15: 35.7 | Q15: 0.48263889 | R15: 39.9 | S15: 6.49 | T15: 0.51875 | U15: 0.54166667 | V15: 0.59722222 | W15: 5.77 | X15: 39 | Y15: 28.1 | Z15: 21 | AA15: 24.05 | AB15: 22.85 | AC15: 24.7 | AD15: 27.9 | AE15: 26.05 | AF15: 22.9 | AG15: 21.65 | AH15: 21.35 | AI15: 21.4 | AJ15: 21.05 | AK15: 24.55 | AL15: 17.9 | AM15: 25.25 | BQ15: =SUM(Y15:BP15) -> 350.7 | BR15: =C15/BQ15 -> 8.5543199
A16: 46039 | B16: 17012026 | C16: =1800+1300 -> 3100 | D16: 6,57/6,57 | E16: 8:20/9:10 | F16: 9:16/9:18 | G16: 50/25 | H16: HANSEN | I16: 6,57/6,57 | J16: 34,8/35,5 | K16: 280/120 | L16: 09:17:00/9:56 | M16: 9:39/10:38 | N16: 29/19 | O16: 6,56/6,60 | P16: 35,5/35 | Q16: 0.4375 | R16: 42/43 | V16: 0.575 | W16: 5.6 | X16: 41 | Y16: 19.9 | Z16: 21.8 | AA16: 22.9 | AB16: 19.85 | AC16: 19.75 | AD16: 24.3 | AE16: 21.25 | AF16: 26.45 | AG16: 22.65 | AH16: 23.35 | AI16: 22 | AJ16: 26.75 | AK16: 25.1 | AL16: 21.1 | AM16: 50.45 | AN16: 39.45 | AO16: 49.5 | BQ16: =SUM(Y16:BP16) -> 456.55 | BR16: =C16/BQ16 -> 6.7900559
A17: 46042 | B17: 20012026 | C17: 3000 | E17: 0.43055556 | F17: 0.46736111 | G17: 50 | H17: HANSEN | I17: 7.28 | J17: 36 | K17: 300 | L17: 0.46944444 | M17: 0.50138889 | N17: 48 | O17: 7.29 | P17: 36.8 | Q17: 0.54513889 | R17: 36.5 | S17: 7.2 | T17: 0.56597222 | U17: 13 | Y17: 21.85 | Z17: 23.75 | AA17: 16.65 | AB17: 21.7 | AC17: 24.35 | AD17: 25.4 | AE17: 23.6 | AF17: 24.25 | AG17: 26.7 | AH17: 24.7 | AI17: 28.6 | AJ17: 25.2 | AK17: 30.05 | AL17: 22.75 | AM17: 27.8 | AN17: 26.35 | BQ17: =SUM(Y17:BP17) -> 393.7 | BR17: =C17/BQ17 -> 7.6200152
A18: 46043 | B18: 21012026 | C18: 3000 | E18: 0.36458333 | F18: 0.4125 | G18: 50 | H18: HANSEN | J18: 36.7 | K18: 450 | L18: 0.44166667 | M18: 0.45138889 | N18: 54.5 | P18: 36.6 | Q18: 0.47777778 | R18: 41 | T18: 0.50902778 | U18: 0.52777778 | V18: 0.61111111 | X18: 43.7 | Y18: 25.45 | Z18: 24.05 | AA18: 31.05 | AB18: 25.15 | AC18: 22.7 | AD18: 25.1 | AE18: 24.85 | AF18: 34.45 | AG18: 31.6 | AH18: 24.05 | AI18: 24.05 | AJ18: 27.2 | AK18: 25.6 | AL18: 26.35 | BQ18: =SUM(Y18:BP18) -> 371.65 | BR18: =C18/BQ18 -> 8.0721109
A19: 46044 | B19: 22012026 | C19: 2700 | E19: 0.375 | F19: 0.42291667 | G19: 50 | H19: HANSEN | I19: 6.74 | J19: 35.6 | K19: 405 | L19: 0.43819444 | M19: 0.44444444 | N19: 200 | O19: 6.69 | P19: 36.5 | Q19: 0.47430556 | R19: 42 | S19: 6.67 | T19: 0.5 | U19: 0.52083333 | V19: 0.58263889 | W19: 5.8 | X19: 43.01 | Y19: 22.05 | Z19: 24 | AA19: 16.3 | AB19: 21.2 | AC19: 21.1 | AD19: 24.55 | AE19: 19.2 | AF19: 24.15 | AG19: 30 | AH19: 21.4 | AI19: 23.15 | AJ19: 25.55 | AK19: 23.95 | AL19: 22.4 | BQ19: =SUM(Y19:BP19) -> 319 | BR19: =C19/BQ19 -> 8.4639498
A20: 46045 | B20: 23012026 | C20: 2400 | E20: 0.52083333 | F20: 0.54375 | G20: 50 | H20: HANSEN | I20: 6.57 | J20: 34 | K20: 377 | L20: 0.54861111 | M20: 0.58541667 | N20: 20.5 | O20: 6.48 | P20: 36.32 | Q20: 0.61319444 | R20: 40.01 | S20: 6.4 | T20: 0.64097222 | U20: 0.66319444 | V20: 0.71527778 | W20: 5.55 | X20: 41.8 | Y20: 24.35 | Z20: 23.35 | AA20: 24.6 | AB20: 23.65 | AC20: 25.4 | AD20: 22.45 | AE20: 25.95 | AF20: 26.1 | AG20: 20.75 | AH20: 21.95 | AI20: 28.3 | AJ20: 26.15 | AK20: 26 | BQ20: =SUM(Y20:BP20) -> 319 | BR20: =C20/BQ20 -> 7.523511
A21: 46046 | B21: 24012026 | E21: 0.36458333 | F21: 0.39027778 | G21: 50 | H21: HANSEN | I21: 6.64 | J21: 33.5 | K21: 310 | L21: 0.39444444 | M21: 0.41666667 | N21: 41.5 | O21: 6.63 | P21: 36.52 | Q21: 0.44444444 | R21: 41.6 | S21: 6.61 | T21: 0.47083333 | V21: 0.54375 | W21: 5.89 | X21: 41.3 | Y21: 26.9 | Z21: 25.1 | AA21: 26.9 | AB21: 27.05 | AC21: 49.95 | AD21: 51.25 | AE21: 57.3 | AF21: 50.55 | AG21: 54.85 | BQ21: =SUM(Y21:BP21) -> 369.85 | BR21: =C21/BQ21 -> 0
A22: 46049 | B22: 27012026 | C22: 2600 | E22: 0.34722222 | F22: 0.39236111 | G22: 50 | H22: HANSEN | I22: 6.62 | J22: 33.5 | K22: 403 | L22: 0.40138889 | M22: 0.41944444 | O22: 6.57 | P22: 36.3 | Q22: 0.44236111 | R22: 40.3 | S22: 6.51 | T22: 0.47291667 | V22: 0.56944444 | W22: 5.56 | X22: 41.3 | Y22: 28.25 | Z22: 25.4 | AA22: 25.3 | AB22: 26.7 | AC22: 25.1 | AD22: 23.7 | AE22: 23.7 | AF22: 23.1 | AG22: 25.5 | AH22: 27 | AI22: 25.8 | AJ22: 26.6 | AK22: 25.25 | AL22: 22 | BQ22: =SUM(Y22:BP22) -> 353.4 | BR22: =C22/BQ22 -> 7.3571024
A23: 46050 | B23: 280126 | C23: 2600 | E23: 0.45833333 | F23: 0.48055556 | G23: 50 | H23: HANSEN | I23: 6.67 | J23: 34.3 | L23: 0.48958333 | M23: 0.51041667 | N23: 39.5 | O23: 6.6 | P23: 36.4 | Q23: 0.53819444 | R23: 41.4 | S23: 6.57 | T23: 0.52777778 | U23: 0.59027778 | W23: 5.68 | X23: 42.6 | Y23: 23.25 | Z23: 24.75 | AA23: 23.95 | AB23: 25.4 | AC23: 24.6 | AD23: 21.9 | AE23: 24.2 | AF23: 26 | AG23: 25.95 | AH23: 25.6 | AI23: 23.8 | AJ23: 22.95 | AK23: 26.7 | AL23: 24.75 | BQ23: =SUM(Y23:BP23) -> 343.8 | BR23: =C23/BQ23 -> 7.5625364
A24: 46051 | B24: 290126 | C24: 2400 | E24: 0.36111111 | F24: 0.42361111 | G24: 75 | H24: HANSEN | I24: 6.72 | J24: 33.01 | K24: 180 | L24: 0.43958333 | M24: 0.45138889 | N24: 64 | O24: 6.68 | P24: 35.5 | Q24: 0.48055556 | R24: 40.5 | S24: 6.58 | T24: 0.50555556 | V24: 0.76041667 | W24: 6.47 | X24: 30 | Y24: 376.85 | BQ24: =SUM(Y24:BP24) -> 376.85 | BR24: =C24/BQ24 -> 6.3685817
A25: 46052 | B25: 300126 | C25: 2150 | E25: 0.35 | F25: 0.43888889 | G25: 50 | H25: HANSEN | I25: 7.64 | J25: 32.22 | L25: 0.40902778 | M25: 0.41736111 | N25: 35 | O25: 7.57 | P25: 36.5 | Q25: 0.44930556 | R25: 40.7 | S25: 7.5 | T25: 0.44097222 | U25: 0.47222222 | V25: 0.57083333 | W25: 6.77 | X25: 42.1 | Y25: 24.15 | Z25: 20.665 | AA25: 17.85 | AB25: 22.65 | AC25: 20.6 | AD25: 18.1 | AE25: 23.55 | AF25: 23.7 | AG25: 24.3 | AH25: 24.55 | AI25: 25.6 | AJ25: 6.85 | AK25: 6.45 | AL25: 7.05 | AM25: 3.85 | AN25: 6.65 | BQ25: =SUM(Y25:BP25) -> 276.565 | BR25: =C25/BQ25 -> 7.773941
A26: 46053 | B26: 310126 | C26: 2500 | E26: 0.31805556 | F26: 0.37291667 | G26: 50 | H26: HANSEN | I26: 6.63 | J26: 31 | K26: 440 | L26: 0.37430556 | M26: 0.38541667 | N26: 38.5 | O26: 6.46 | P26: 36.6 | Q26: 0.41388889 | R26: 41.4 | S26: 6.4 | T26: 0.45138889 | U26: 0.47569444 | V26: 0.5 | W26: 5.78 | X26: 41.2 | Y26: 26.5 | Z26: 27.35 | AA26: 26 | AB26: 24.35 | AC26: 22.6 | AD26: 14.7 | AE26: 22.05 | AF26: 30.8 | AG26: 25.5 | AH26: 20.85 | AI26: 27.95 | AJ26: 25.36 | AK26: 24.75 | AL26: 23.65 | BQ26: =SUM(Y26:BP26) -> 342.41 | BR26: =C26/BQ26 -> 7.3011886
A27: 46056 | B27: 30226 | C27: 2600 | E27: 0.41111111 | F27: 0.44583333 | G27: 50 | H27: HANSEN | I27: 6.46 | J27: 30 | K27: 520.5 | L27: 0.46111111 | M27: 0.47708333 | N27: 41 | O27: 5.69 | P27: 36.6 | Q27: 0.50555556 | R27: 40.8 | S27: 5.17 | T27: 0.53611111 | U27: 0.5625 | V27: 0.60763889 | X27: 41.7 | Y27: 28.6 | Z27: 25.1 | AA27: 26.75 | AB27: 23.9 | AC27: 22.45 | AD27: 26.75 | AE27: 23.9 | AF27: 21.95 | AG27: 26.3 | AH27: 23.9 | AI27: 25.55 | AJ27: 21.85 | AK27: 22.5 | AL27: 25.8 | BQ27: =SUM(Y27:BP27) -> 345.3 | BR27: =C27/BQ27 -> 7.5296843
A28: 46057 | B28: 40226 | C28: 2500 | F28: 0.34513889 | G28: 50 | H28: HANSEN | J28: 33.2 | K28: 500 | L28: 0.38125 | M28: 0.40486111 | N28: 41.5 | P28: 36.6 | Q28: 0.43263889 | R28: 36.4 | T28: 0.46666667 | U28: 0.51388889 | V28: 0.58333333 | X28: 40.2 | Y28: 74.35 | Z28: 75.55 | AA28: 48 | AB28: 45.55 | AC28: 48.1 | BQ28: =SUM(Y28:BP28) -> 291.55 | BR28: =C28/BQ28 -> 8.5748585
A29: 46058 | B29: 50226 | C29: 2700 | E29: 0.38194444 | F29: 0.43888889 | G29: 50 | H29: HANSEN | J29: 36.6 | K29: 520 | L29: 0.44097222 | M29: 0.44444444 | N29: 76 | P29: 36.6 | Q29: 0.45833333 | R29: 40.3 | T29: 0.48263889 | BQ29: =SUM(Y29:BP29) -> 0 | BR29: =C29/BQ29 -> #DIV/0!
A30: 46059 | B30: 60226 | C30: 2600 | E30: 0.32777778 | F30: 0.37013889 | G30: 1 sobre | H30: ST-081 SACCO | J30: 34.4 | K30: 500 | L30: 0.37222222 | M30: 0.37361111 | N30: 79.5 | P30: 36.5 | Q30: 0.3875 | R30: 40.4 | T30: 0.41388889 | Y30: =22.35+23.25+21.8+21.5+21.9+22.2+22.05+21.3+21.5+22.45+21.45+22.3 -> 264.05 | Z30: =45.15+16.4 -> 61.55 | BQ30: =SUM(Y30:BP30) -> 325.6 | BR30: =C30/BQ30 -> 7.985258
A31: 46060 | B31: 70226 | C31: 2600 | E31: 0.325 | F31: 0.37291667 | G31: 2 | H31: HANSEN | J31: 32.4 | K31: 500 | L31: 0.375 | M31: 0.38194444 | N31: 80 | P31: 36.4 | Q31: 0.39583333 | R31: 40.3 | T31: 0.42013889 | U31: 0.44791667 | Y31: =114.55+132.65 -> 247.2 | Z31: =43.7 -> 43.7 | BQ31: =SUM(Y31:BP31) -> 290.9 | BR31: =C31/BQ31 -> 8.9377793
A32: 46063 | B32: 100226 | C32: 2300 | E32: 0.33680556 | F32: 0.38194444 | G32: 1 | H32: HANSEN | J32: 31.2 | K32: 460 | L32: 0.38958333 | M32: 0.39652778 | N32: 42.5 | P32: 36.6 | Q32: 0.39583333 | R32: 40.1 | T32: 0.45069444 | U32: 0.46527778 | V32: 0.68055556 | X32: 35.4 | Y32: =28.45+28.4+29.3+26.1+29.4+19.65+61.65+99.55 -> 322.5 | BQ32: =SUM(Y32:BP32) -> 322.5 | BR32: =C32/BQ32 -> 7.1317829
A33: 46064 | B33: 110226 | C33: 2500 | E33: 0.34305556 | F33: 0.39513889 | G33: 1 | H33: HANSEN | J33: 31.1 | K33: 500 | L33: 0.39652778 | M33: 0.41111111 | N33: 50 | P33: 36.5 | Q33: 0.43958333 | R33: 40.1 | T33: 0.48263889 | U33: 0.575 | Y33: =20.95+20.7+20.6+20.95+20.6+19.4+21.5+21.9+20.7+19.45+20.75+21.45+6.75 -> 255.7 | BQ33: =SUM(Y33:BP33) -> 255.7 | BR33: =C33/BQ33 -> 9.7770825
A34: 46065 | B34: 120226 | C34: 2300 | E34: 0.34166667 | F34: 0.39722222 | G34: 1 | H34: HANSEN | J34: 35.2 | K34: 480 | L34: 0.39791667 | M34: 0.40277778 | N34: 48 | P34: 36.4 | Q34: 0.44097222 | R34: 40.2 | T34: 0.45347222 | U34: 0.47916667 | V34: 0.63888889 | X34: 34.9 | Y34: =21.1+6.5+21.35+21.4+19.2+21.05+2.95+7.55+22+21.55+21.75+21.3+20.95+21.45+21.55 -> 271.65 | BQ34: =SUM(Y34:BP34) -> 271.65 | BR34: =C34/BQ34 -> 8.4667771
A35: 46066 | B35: 130226 | C35: 0 | Y35: 0 | BQ35: =SUM(Y35:BP35) -> 0 | BR35: =C35/BQ35 -> #DIV/0!
A36: 46067 | B36: 140226 | C36: =1700+1550 -> 3250 | D36: 6.58 | E36: 11:54/12:20 | F36: 12:34/12:51 | G36: 2 | H36: HANSEN | I36: 6.58 | J36: 31,2/31,1 | K36: 340/340 | L36: 12:40/12:55 | M36: 12:46/13:24 | N36: 31/31 | O36: 6,54/6,53 | P36: 36,6/36,4 | Q36: 13:16/13:58 | R36: 40,1/40 | S36: 6,46/6,44 | T36: 14:07/14:58 | U36: 0.60763889 | Y36: =24.05+24.95+23.3+20.95+25.8+28.15+25.85+24.3+23.85+25.8+25.45+26.35+26.85+23.7+26.45+23.35+24.65+23.1+25.05+30.05 -> 502 | BQ36: =SUM(Y36:BP36) -> 502 | BR36: =C36/BQ36 -> 6.4741036
A37: 46070 | B37: 170226 | C37: 0 | BQ37: =SUM(Y37:BP37) -> 0 | BR37: =C37/BQ37 -> #DIV/0!
A38: 46071 | B38: 180226 | C38: 3550 | E38: 09:10/09:44 | F38: 10:05/10:15 | G38: 2 | H38: HANSEN | I38: 6.54 | J38: 36,4/31,3 | K38: 340/340 | L38: 10:10/10:45 | M38: 10:10/10:45 | N38: 38,5/38,5 | O38: 6,54/6,50 | P38: 36,4/36,3 | Q38: 10:37/11::13 | R38: 40,1/40 | S38: 6,45/6,44 | T38: 11:31/12:334 | U38: 11:55/12:20 | V38: 13:25/13:30 | W38: 5,65/5,88 | X38: 40,5/39,6 | Y38: =22.7+20.6+24.4+23.95 -> 91.65 | Z38: =26.25+21.05+25.3+25.15+26.45+14.5+23.25+27.7+25.35+26.5+27.4+26.45+26.9+10.2+23.9+26.85 -> 383.2 | BQ38: =SUM(Y38:BP38) -> 474.85 | BR38: =C38/BQ38 -> 7.4760451
A39: 46072 | B39: 0 | C39: 0 | BQ39: =SUM(Y39:BP39) -> 0 | BR39: =C39/BQ39 -> #DIV/0!
A40: 46073 | B40: 200226 | C40: 2300 | E40: 0.36458333 | F40: 0.41319444 | G40: 1 | H40: HANSEN | I40: 6.78 | J40: 32.5 | K40: 0.44 | L40: 0.41666667 | M40: 0.42569444 | N40: 45 | O40: 6.74 | P40: 36.5 | Q40: 0.45277778 | R40: 40.1 | S40: 6.62 | T40: 12.05 | U40: 0.55208333 | V40: 0.6875 | W40: 5.47 | X40: 38.3 | Y40: =16.6+15.35+14.35+15.4+13.55+13.8+13.25+14.7+14.7+14.45+13.7+13.9+14.15+14.35+14.35+13.75 -> 230.35 | BQ40: =SUM(Y40:BP40) -> 230.35 | BR40: =C40/BQ40 -> 9.9848057
A41: 46074 | B41: 210226 | C41: 2450 | E41: 0.32638889 | F41: 0.37638889 | G41: 1 | H41: HANSEN | I41: 6.92 | J41: 29.3 | K41: 0.49 | L41: 0.37986111 | M41: 0.39027778 | N41: 44.5 | O41: 6.76 | P41: 36.5 | Q41: 0.41805556 | R41: 40.1 | S41: 6.7 | T41: 0.41666667 | U41: 0.47361111 | V41: 0.55902778 | W41: 5.96 | X41: 38.9 | Y41: =25+22.75+24.85+23.55+22.75+24.05 -> 142.95 | Z41: =65.3+64.55+31.95 -> 161.8 | BQ41: =SUM(Y41:BP41) -> 304.75 | BR41: =C41/BQ41 -> 8.0393765
A42: 46077 | BQ42: =SUM(Y42:BP42) -> 0 | BR42: =C42/BQ42 -> #DIV/0!
A43: 46078 | BQ43: =SUM(Y43:BP43) -> 0 | BR43: =C43/BQ43 -> #DIV/0!
A44: 46079 | B44: 260226 | C44: 2200 | E44: 0.40138889 | F44: 0.44444444 | G44: 1 | H44: HANSEN | I44: 6.74 | J44: 29.8 | K44: 0.44 | L44: 0.44722222 | M44: 0.41666667 | N44: 45 | O44: 6.66 | P44: 36.7 | Q44: 0.48263889 | R44: 40 | S44: 6.57 | T44: 0.52777778 | U44: 0.53472222 | V44: 0.6875 | W44: 5.44 | X44: 36.1 | Y44: =21.8+23.5+24.55+22.65+22.5+24.7+22.85+23.25+22.4+23.85 -> 232.05 | BQ44: =SUM(Y44:BP44) -> 232.05 | BR44: =C44/BQ44 -> 9.4807154
A45: 46080 | B45: 270226 | C45: 2200 | E45: 0.35416667 | F45: 0.39375 | G45: 1 | H45: HANSEN | I45: 5.99 | J45: 31.8 | K45: 0.44 | L45: 0.39513889 | M45: 0.40625 | N45: 45 | O45: 6.69 | P45: 36.5 | Q45: 0.43541667 | T45: 0.51041667 | U45: 0.52430556 | V45: 0.58333333 | W45: 5.34 | X45: 37.9 | Y45: =24+23.45+22.8+22.15+23.3+24.3+23.4+25+24.15+24.05 -> 236.6 | BQ45: =SUM(Y45:BP45) -> 236.6 | BR45: =C45/BQ45 -> 9.2983939
A46: 46081 | BQ46: =SUM(Y46:BP46) -> 0 | BR46: =C46/BQ46 -> #DIV/0!
A47: 46082 | BQ47: =SUM(Y47:BP47) -> 0 | BR47: =C47/BQ47 -> #DIV/0!
A48: 46083 | BQ48: =SUM(Y48:BP48) -> 0 | BR48: =C48/BQ48 -> #DIV/0!
A49: 46084 | B49: 30326 | C49: 2400 | D49: 6.62 | E49: 0.35416667 | F49: 0.39027778 | G49: 1 | H49: HANSEN | I49: 6.65 | J49: 31.8 | K49: 600 | L49: 0.39861111 | M49: 0.40277778 | N49: 60 | O49: 6.5 | P49: 36.6 | Q49: 0.42152778 | R49: 42 | T49: 0.51041667 | U49: 0.53125 | V49: 0.63055556 | W49: 5.16 | X49: 39.8 | Y49: =24.95+23.9+26.45+25.2+26.55+24.45+24.45+24.65+24.55+25.8+25.25+24.35 -> 300.55 | Z49: 0 | BQ49: =SUM(Y49:BP49) -> 300.55 | BR49: =C49/BQ49 -> 7.9853602
A50: 46085 | B50: 40326 | C50: 2400 | E50: 0.375 | F50: 0.40694444 | G50: 1 | H50: HANSEN | I50: 6.7 | J50: 32.4 | K50: 480 | L50: 0.40972222 | M50: 0.42013889 | N50: 60 | O50: 6.65 | P50: 36.4 | Q50: 0.44236111 | R50: 43.3 | S50: 6.49 | T50: 0.50347222 | U50: 0.56597222 | V50: 0.68055556 | W50: 5.2 | X50: 37.5 | Y50: =24.3+24+23.3+15.9+22.85+23.2+23.85+24.1+22.35+22.4+21.95+23 -> 271.2 | BQ50: =SUM(Y50:BP50) -> 271.2 | BR50: =C50/BQ50 -> 8.8495575
A51: 46086
A52: 46087
A53: 46088
A54: 46089
A55: 46090
A56: 46091
A57: 46092
A58: 46093
A59: 46094
A60: 46095
A61: 46096
A62: 46097
... A352: 46387
C353: =SUM(C2:C352) -> 108020

Sheet HILADO
A1: FECHA | B1: NUMERO DE LOTE | C1: PESO CUAJADA [kg] | D1: LOTE | E1: PH INICIAL | F1: PESO ALMIDON [GR] | G1: PH FINAL | H1: TIEMPO HILADO | I1: MOLDE 1 | J1: 2 | K1: 3 | L1: 4 | M1: 5 | N1: 6 | O1: 7 | P1: 8 | Q1: 9 | R1: 10 | S1: 11 | T1: 12 | U1: 13 | V1: 14 | W1: 15 | X1: 16 | Y1: 17 | Z1: TOTAL [kg] | AA1: RENDIMIENTO
A2: 46002 | B2: 1 | C2: 97.85 | D2: 091225TM | E2: 5.51 | F2: 950 | G2: 4.98 | I2: 6.25 | J2: 5.3 | K2: 5.75 | L2: 6.55 | M2: 6.1 | N2: 5.95 | O2: 5.9 | P2: 5.05 | Q2: 6.65 | R2: 6.55 | S2: 6.2 | T2: 4.9 | U2: 6.9 | V2: 6.45 | Z2: =SUM(I2:Y2) -> 84.5 | AA2: =(Z2/C2)*100 -> 86.356668
A3: 46002 | B3: 2 | C3: 101.75 | D3: 091225TM | E3: 6.5 | F3: 1000 | G3: 5 | I3: 3.4 | J3: 6.4 | K3: 7.65 | L3: 6.15 | M3: 8.15 | N3: 7.25 | O3: 6 | P3: 6.3 | Q3: 6.8 | R3: 7 | S3: 8.05 | T3: 6.9 | U3: 4.75 | Z3: =SUM(I3:Y3) -> 84.8 | AA3: =(Z3/C3)*100 -> 83.341523
A4: 46002 | B4: 3 | C4: 111.1 | D4: 091225TM | E4: 5.39 | F4: 1111.5 | G4: 5.03 | H4: 30 | I4: 7.45 | J4: 7.85 | K4: 7.95 | L4: 7 | M4: 7.95 | N4: 7.9 | O4: 7.85 | P4: 6.05 | Q4: 7.65 | R4: 7.25 | S4: 6.15 | Z4: =SUM(I4:Y4) -> 81.05 | AA4: =(Z4/C4)*100 -> 72.952295
A5: 46003 | B5: 4 | C5: 96.55 | D5: 091225/101225 | E5: 5.44 | F5: 1000 | H5: 30 | I5: 5.9 | J5: 6.4 | K5: 6.25 | L5: 6.35 | M5: 5.15 | N5: 6.3 | O5: 6.3 | P5: 4.85 | Q5: 5.8 | R5: 5.85 | S5: 3.1 | T5: 5.65 | U5: 6.65 | Z5: =SUM(I5:Y5) -> 74.55 | AA5: =(Z5/C5)*100 -> 77.213879
A6: 46004 | B6: 5 | C6: 92.05 | D6: 101225 | F6: 1000 | H6: 30 | I6: 7.85 | J6: 7.1 | K6: 6.45 | L6: 7.25 | M6: 7.1 | N6: 6.85 | O6: 6.6 | P6: 5.95 | Q6: 6.75 | R6: 6.35 | S6: 6.35 | Z6: =SUM(I6:Y6) -> 74.6 | AA6: =(Z6/C6)*100 -> 81.042911
A7: 46004 | B7: 6 | C7: 98.4 | H7: 30 | I7: 8.65 | J7: 8.6 | K7: 8.55 | L7: 9.45 | M7: 8.3 | N7: 8.8 | O7: 9.1 | P7: 8.9 | Q7: 8.25 | R7: 9.35 | S7: 9.25 | T7: 5.6 | Z7: =SUM(I7:Y7) -> 102.8 | AA7: =(Z7/C7)*100 -> 104.47154
A8: 46006 | B8: 7 | C8: 104 | D8: 101225TM | E8: 6.09 | F8: 1040 | H8: 30 | I8: 6.5 | J8: 6.85 | K8: 7.35 | L8: 7.85 | M8: 7.85 | N8: 8.15 | O8: 7.5 | P8: 7.55 | Q8: 6.85 | R8: 6.95 | S8: 7.2 | T8: 6.7 | U8: 8.2 | Z8: =SUM(I8:Y8) -> 95.5 | AA8: =(Z8/C8)*100 -> 91.826923
A9: 46006 | B9: 8 | C9: =69.6+36.15 -> 105.75 | D9: 101225TM | E9: 5.81 | F9: 1101.5 | H9: 30 | I9: 7.2 | J9: 6 | K9: 7.55 | L9: 6.55 | M9: 7.4 | N9: 5.4 | O9: 5.35 | P9: 7.6 | Q9: 7.35 | R9: 5.35 | S9: 6.05 | T9: 8 | U9: 7.75 | Z9: =SUM(I9:Y9) -> 87.55 | AA9: =(Z9/C9)*100 -> 82.789598
A10: 46006 | B10: 9 | C10: =39+73.6 -> 112.6 | D10: 101225/121225 | F10: 1101 | H10: 30 | I10: 5.8 | J10: 5.95 | K10: 5.7 | L10: 6.35 | M10: 6.35 | N10: 5.7 | O10: 6.2 | P10: 6.8 | Q10: 6 | R10: 7.35 | S10: 6.05 | T10: 6.15 | U10: 5.45 | V10: 6.1 | W10: 7.25 | Z10: =SUM(I10:Y10) -> 93.2 | AA10: =(Z10/C10)*100 -> 82.77087
A11: 46006 | B11: 10 | C11: =46.9+78.95 -> 125.85 | D11: 121225 | H11: 30 | I11: 7.45 | J11: 8.1 | K11: 6.05 | L11: 7.25 | M11: 7.4 | N11: 5.8 | O11: 5.8 | P11: 6.1 | Q11: 7.05 | R11: 6.2 | S11: 5.2 | T11: 5 | U11: 6.3 | V11: 6.6 | W11: 6.15 | X11: 7.95 | Z11: =SUM(I11:Y11) -> 104.4 | AA11: =(Z11/C11)*100 -> 82.9559
A12: 46007 | B12: 11 | C12: =32.35+66.45 -> 98.8 | D12: 121225 | E12: 5.34 | F12: 1008 | H12: 30 | I12: 5.55 | J12: 5.5 | K12: 5.85 | L12: 6.2 | M12: 5.1 | N12: 6.7 | O12: 5.85 | P12: 5.9 | Q12: 6.2 | R12: 5.4 | S12: 8.8 | T12: 5.55 | U12: 5.85 | V12: 6.15 | Z12: =SUM(I12:Y12) -> 84.6 | AA12: =(Z12/C12)*100 -> 85.62753
A13: 46007 | B13: 0 | C13: =29.75+75.4 -> 105.15 | D13: 121225/111225 | E13: 6.34 | F13: 1100 | H13: 30 | I13: 7.7 | J13: 6.55 | K13: 6.2 | L13: 6.8 | M13: 5.55 | N13: 6 | O13: 7.45 | P13: 6.15 | Q13: 6 | R13: 5.95 | S13: 5.8 | T13: 5.5 | U13: 6.1 | V13: 6.4 | Z13: =SUM(I13:Y13) -> 88.15 | AA13: =(Z13/C13)*100 -> 83.83262
A14: 46007 | B14: 1 | C14: 98.2 | D14: 111225 | E14: 6.58 | F14: 1100 | H14: 30 | I14: 3.35 | J14: 6 | K14: 6.2 | L14: 5.55 | M14: 6.45 | N14: 5.4 | O14: 5.8 | P14: 6.05 | Q14: 5.4 | R14: 6.5 | S14: 6.4 | T14: 7 | U14: 6.2 | Z14: =SUM(I14:Y14) -> 76.3 | AA14: =(Z14/C14)*100 -> 77.698574
A15: 46007 | B15: 2 | C15: 103.4 | D15: 111225 | E15: 5.58 | F15: 1100 | H15: 30 | I15: 6.7 | J15: 6.1 | K15: 6.65 | L15: 7.3 | M15: 6.95 | N15: 6.75 | O15: 6.75 | P15: 5.75 | Q15: 5.65 | R15: 5.85 | S15: 6.95 | T15: 6.6 | U15: 6.1 | Z15: =SUM(I15:Y15) -> 84.1 | AA15: =(Z15/C15)*100 -> 81.334623
A16: 46007 | B16: 3 | C16: 100 | D16: 131225 | E16: 5 | F16: 1100 | H16: 30 | I16: 7.2 | J16: 3.4 | K16: 6.65 | L16: 5.6 | M16: 7.8 | N16: 7.2 | O16: 7.45 | P16: 7.2 | Q16: 6.15 | R16: 6.1 | S16: 5.5 | T16: 5.75 | U16: 7.35 | Z16: =SUM(I16:Y16) -> 83.35 | AA16: =(Z16/C16)*100 -> 83.35
A17: 46008 | B17: 4 | C17: 100 | D17: 131225 | E17: 5,6/5,3 | F17: 1100 | H17: 30 | I17: 6.1 | J17: 6.15 | K17: 6.35 | L17: 7.1 | M17: 5.75 | N17: 6.6 | O17: 6.9 | P17: 6.35 | Q17: 7 | R17: 6.75 | S17: 6.5 | T17: 5.65 | Z17: =SUM(I17:Y17) -> 77.2 | AA17: =(Z17/C17)*100 -> 77.2
A18: 46008 | B18: 5 | C18: 127 | D18: 131225 | E18: 4,54/5,3 | F18: 1100 | H18: 30 | I18: 7.15 | J18: 6.6 | K18: 8.05 | L18: 6 | M18: 7.6 | N18: 8.1 | O18: 7.65 | P18: 6.9 | Q18: 4.7 | R18: 6.3 | S18: 7.3 | T18: 6 | U18: 6.8 | V18: 6.2 | Z18: =SUM(I18:Y18) -> 95.35 | AA18: =(Z18/C18)*100 -> 75.07874
A19: 46008 | B19: 6 | C19: 107.85 | D19: 171225 | E19: 5.34 | F19: 0 | H19: 30 | I19: 7.7 | J19: 6.2 | K19: 8.1 | L19: 5.9 | M19: 7.6 | N19: 7.45 | O19: 6.9 | P19: 6.55 | Q19: 6.1 | R19: 6.45 | S19: 5.85 | T19: 6.9 | Z19: =SUM(I19:Y19) -> 81.7 | AA19: =(Z19/C19)*100 -> 75.753361
A20: 46009 | B20: 7 | C20: 94.55 | D20: 171225 | F20: 1100 | H20: 30 | I20: 5.3 | J20: 6.45 | K20: 5.6 | L20: 6.15 | M20: 6.2 | N20: 5.4 | O20: 6.25 | P20: 5.85 | Q20: 6.2 | R20: 6.45 | S20: 6.15 | T20: 7.05 | U20: 6.25 | Z20: =SUM(I20:Y20) -> 79.3 | AA20: =(Z20/C20)*100 -> 83.870968
A21: 46009 | B21: 8 | C21: 98.55 | D21: 171225 | F21: 1111 | H21: 30 | I21: 7.3 | J21: 6.65 | K21: 6.8 | L21: 6 | M21: 7 | N21: 6.45 | O21: 6.85 | P21: 5.45 | Q21: 6.45 | R21: 6.65 | S21: 6.7 | T21: 7.3 | Z21: =SUM(I21:Y21) -> 79.6 | AA21: =(Z21/C21)*100 -> 80.771182
A22: 46010 | B22: 9 | C22: 95.1 | D22: 181225 | E22: 5.5 | F22: 1331 | H22: 30 | I22: 7.05 | J22: 6.2 | K22: 6.8 | L22: 6.8 | M22: 6.55 | N22: 6.5 | O22: 5.5 | P22: 6.4 | Q22: 6.55 | R22: 6.35 | S22: 6.4 | T22: 6.55 | Z22: =SUM(I22:Y22) -> 77.65 | AA22: =(Z22/C22)*100 -> 81.650894
A23: 46010 | B23: 10 | C23: 94.2 | D23: 181225 | E23: 5.45 | F23: 1400 | G23: 5.32 | H23: 30 | I23: 6.4 | J23: 5.3 | K23: 6.7 | L23: 5.2 | M23: 6.3 | N23: 5.7 | O23: 6.5 | P23: 6.65 | Q23: 7.9 | R23: 6.6 | S23: 6.55 | T23: 5.8 | Z23: =SUM(I23:Y23) -> 75.6 | AA23: =(Z23/C23)*100 -> 80.254777
A24: 46010 | B24: 11 | C24: 100.4 | D24: 181225 | F24: 1400 | H24: 30 | I24: 8.15 | J24: 7.5 | K24: 6.85 | L24: 5.85 | M24: 7.3 | N24: 6.3 | O24: 6.3 | P24: 7 | Q24: 6.3 | R24: 6.15 | S24: 7.3 | T24: 4.65 | U24: 6.1 | Z24: =SUM(I24:Y24) -> 85.75 | AA24: =(Z24/C24)*100 -> 85.408367
A25: 46011 | B25: 12 | C25: 100 | D25: 181225 | H25: 30 | I25: 8.15 | J25: 8.3 | K25: 8 | L25: 8.4 | M25: 8.65 | N25: 9.15 | O25: 8.15 | P25: 8.75 | Q25: 9.45 | R25: 8.55 | S25: 9.2 | T25: 8.5 | Z25: =SUM(I25:Y25) -> 103.25 | AA25: =(Z25/C25)*100 -> 103.25
A26: 46013 | B26: 13 | C26: 99.51 | D26: 191225 | E26: 6.34 | F26: 1100 | H26: 30 | I26: 5.85 | J26: 4.5 | K26: 5.85 | L26: 7.35 | M26: 5.45 | N26: 6.65 | O26: 5.3 | P26: 4.85 | Q26: 6.25 | R26: 6.65 | S26: 6.45 | T26: 6.15 | U26: 6.05 | Z26: =SUM(I26:Y26) -> 77.35 | AA26: =(Z26/C26)*100 -> 77.730881
A27: 46013 | B27: 14 | C27: 54 | D27: 191225 | F27: 550 | H27: 30 | I27: 7.1 | J27: 6.25 | K27: 5.1 | L27: 4.1 | M27: 6 | N27: 6.55 | O27: 5.9 | P27: 7.1 | Z27: =SUM(I27:Y27) -> 48.1 | AA27: =(Z27/C27)*100 -> 89.074074
A28: 46013 | B28: 15 | C28: 55 | D28: 191225 | F28: 550 | H28: 6 | I28: 6.35 | J28: 5.5 | K28: 5.95 | L28: 6.65 | M28: 2.05 | N28: 5.35 | O28: 6 | P28: 5.05 | Q28: 5.85 | R28: 5.45 | Z28: =SUM(I28:Y28) -> 54.2 | AA28: =(Z28/C28)*100 -> 98.545455
A29: 46013 | B29: 16 | C29: 50 | D29: 201225 | F29: 0 | H29: 6 | I29: 5.65 | J29: 7.4 | K29: 5.95 | L29: 5.9 | M29: 5.8 | N29: 5.8 | O29: 6.45 | Z29: =SUM(I29:Y29) -> 42.95 | AA29: =(Z29/C29)*100 -> 85.9
A30: 46013 | B30: 17 | C30: 60 | D30: 201225 | F30: 500 | H30: 6 | I30: 4.9 | J30: 5.6 | K30: 4.95 | L30: 6.1 | M30: 5.9 | N30: 5.9 | O30: 6.05 | P30: 5.25 | Q30: 5.85 | R30: 5.15 | Z30: =SUM(I30:Y30) -> 55.65 | AA30: =(Z30/C30)*100 -> 92.75
A31: 46013 | B31: 18 | C31: 60 | D31: 191225 | F31: 720 | H31: 6 | I31: 5.8 | J31: 8.4 | K31: 6.6 | L31: 5.7 | M31: 5.45 | N31: 6.75 | O31: 5.3 | P31: 7 | Q31: 5.25 | Z31: =SUM(I31:Y31) -> 56.25 | AA31: =(Z31/C31)*100 -> 93.75
A32: 46013 | B32: 19 | C32: =12.87+68 -> 80.87 | D32: 201225/191225 | H32: 6 | I32: 7.7 | J32: 7.3 | K32: 6.5 | L32: 5.9 | M32: 6.9 | N32: 6.7 | O32: 6.4 | P32: 6.45 | Q32: 6.2 | R32: 7.95 | S32: 5.85 | Z32: =SUM(I32:Y32) -> 73.85 | AA32: =(Z32/C32)*100 -> 91.319402
A33: 46014 | B33: 20 | C33: 50.9 | D33: 201225 | F33: 0 | H33: 6 | I33: 6.35 | J33: 6.868 | K33: 4.96 | L33: 6.08 | M33: 5.965 | N33: 5.73 | O33: 5.76 | P33: 5.166 | Z33: =SUM(I33:Y33) -> 46.879 | AA33: =(Z33/C33)*100 -> 92.100196
A34: 46014 | B34: 21 | C34: 53.85 | D34: 201225 | H34: 6 | I34: 6.436 | J34: 3.364 | K34: 6.308 | L34: 6.556 | M34: 6.102 | N34: 6.438 | O34: 5.6 | P34: 5.728 | Z34: =SUM(I34:Y34) -> 46.532 | AA34: =(Z34/C34)*100 -> 86.410399
A35: 46014 | B35: 22 | C35: 55.25 | D35: 201225 | F35: 551 | H35: 6 | I35: 5.86 | J35: 5.67 | K35: 6.29 | L35: 5.64 | M35: 5.85 | N35: 5.63 | O35: 6.04 | P35: 5.94 | Z35: =SUM(I35:Y35) -> 46.92 | AA35: =(Z35/C35)*100 -> 84.923077
A36: 46014 | B36: 23 | C36: 55.1 | D36: 201225 | F36: 552 | H36: 6 | I36: 7.7 | J36: 7.15 | K36: 7.05 | L36: 6.95 | M36: 7 | N36: 6.2 | O36: 5.65 | Z36: =SUM(I36:Y36) -> 47.7 | AA36: =(Z36/C36)*100 -> 86.569873
A37: 46031 | B37: 1 | C37: 52 | D37: 801261 | E37: 5.4 | F37: sa | H37: 6 | I37: 5.4 | J37: 4.95 | K37: 5.4 | L37: 5.65 | M37: 6.05 | N37: 4.8 | O37: 5.3 | P37: 6.5 | Z37: =SUM(I37:Y37) -> 44.05 | AA37: =(Z37/C37)*100 -> 84.711538
A38: 46031 | B38: 2 | C38: 58.7 | D38: 801262 | I38: 5.9 | J38: 5.65 | K38: 6.9 | L38: 6.1 | M38: 3.4 | N38: 5.55 | O38: 5.75 | P38: 5.75 | Q38: 6.25 | Z38: =SUM(I38:Y38) -> 51.25 | AA38: =+Z38/C38 -> 0.87308348
A39: 46031 | B39: 3 | C39: 58.4 | I39: 5.15 | J39: 5.84 | K39: 5.5 | L39: 6.05 | M39: 6.1 | N39: 5.6 | O39: 5.45 | P39: 6.15 | Q39: 6 | Z39: =SUM(I39:Y39) -> 51.84 | AA39: =+Z39/C39 -> 0.88767123
A40: 46031 | B40: 6 | C40: 57.85 | D40: 080126-20/090126 | I40: 5.4 | J40: 5.35 | K40: 6.4 | L40: 5.3 | M40: 6.05 | N40: 5.6 | O40: 5.25 | Z40: =SUM(I40:Y40) -> 39.35 | AA40: =+Z40/C40 -> 0.68020743
A41: 46032 | B41: 7 | C41: 53.6 | I41: 5.95 | J41: 5.95 | K41: 5.95 | L41: 5.8 | M41: 6.15 | N41: 6.95 | O41: 5.8 | Z41: =SUM(I41:Y41) -> 42.55 | AA41: =+Z41/C41 -> 0.79384328
A42: 46032 | B42: 8 | C42: 46.35 | D42: 46031 | I42: 5.75 | J42: 6.4 | K42: 6.6 | L42: 5.75 | M42: 6.45 | N42: 5.95 | Z42: =SUM(I42:Y42) -> 36.9 | AA42: =+Z42/C42 -> 0.7961165
A43: 46032 | B43: 9 | C43: 48.6 | D43: 90126 | I43: 5.1 | J43: 4.1 | K43: 5.15 | L43: 5.85 | M43: 5.9 | N43: 6.25 | O43: 5.8 | Z43: =SUM(I43:Y43) -> 38.15 | AA43: =+Z43/C43 -> 0.78497942
A44: 46034 | B44: 11 | C44: 54.15 | D44: 100126 | I44: 6.45 | J44: 4.9 | K44: 4.35 | L44: 5.9 | M44: 5.4 | N44: 5.7 | O44: 5.8 | P44: 6.8 | Z44: =SUM(I44:Y44) -> 45.3 | AA44: =+Z44/C44 -> 0.8365651
A45: 46034 | B45: 12 | C45: 50.16 | D45: 100126 | F45: 500 | I45: 6.3 | J45: 5.4 | K45: 6.4 | L45: 6.15 | M45: 6.25 | N45: 6.5 | O45: 5.7 | Z45: =SUM(I45:Y45) -> 42.7 | AA45: =+Z45/C45 -> 0.85127592
A46: 46034 | B46: 13 | C46: 54.1 | D46: 100126 | F46: 540 | I46: 6.05 | J46: 5.7 | K46: 6.45 | L46: 6.5 | M46: 5.15 | N46: 6.5 | O46: 5.05 | P46: 5.55 | Z46: =SUM(I46:Y46) -> 46.95 | AA46: =+Z46/C46 -> 0.86783734
A47: 46036 | B47: 14 | C47: 53 | D47: 100126 | F47: 530 | I47: 6.75 | J47: 6.25 | K47: 5.85 | L47: 5.45 | M47: 6.25 | N47: 5.95 | O47: 5.65 | P47: 3.8 | Z47: =SUM(I47:Y47) -> 45.95 | AA47: =+Z47/C47 -> 0.86698113
A48: 46036 | B48: 15 | D48: 130126 | I48: 5.9 | J48: 3.9 | K48: 5.85 | L48: 6.85 | M48: 5.4 | N48: 6.5 | O48: 5.9 | P48: 6.45 | Q48: 6.05 | Z48: =SUM(I48:Y48) -> 52.8 | AA48: =+Z48/C48 -> #DIV/0!
A49: 46037 | B49: 16 | C49: 54.35 | D49: 140126 | I49: 5.4 | J49: 6.85 | K49: 6.65 | L49: 5.5 | M49: 5.55 | N49: 6 | O49: 5.35 | P49: 5.75 | Z49: =SUM(I49:Y49) -> 47.05 | AA49: =+Z49/C49 -> 0.86568537
A50: 46037 | B50: 17 | C50: 57.55 | D50: 130126 | F50: 530 | I50: 7 | J50: 6.2 | K50: 6.2 | L50: 7.2 | M50: 6.1 | N50: 5.9 | O50: 6.15 | P50: 5.55 | Z50: =SUM(I50:Y50) -> 50.3 | AA50: =+Z50/C50 -> 0.87402259
A51: 46037 | B51: 18 | C51: 56.2 | F51: 550 | I51: 6.15 | J51: 6.6 | K51: 6 | L51: 6.8 | M51: 6.25 | N51: 6.1 | O51: 6.25 | P51: 7.05 | Z51: =SUM(I51:Y51) -> 51.2 | AA51: =+Z51/C51 -> 0.91103203
A52: 46038 | B52: 19 | C52: =13.1+54.65 -> 67.75 | D52: 130126/140126-2 | F52: 630 | I52: 7.2 | J52: 7.25 | K52: 7.2 | L52: 6.15 | M52: 6.3 | N52: 6.55 | O52: 6.3 | P52: 6.65 | Q52: 5.85 | Z52: =SUM(I52:Y52) -> 59.45 | AA52: =+Z52/C52 -> 0.87749077
A53: 46038 | B53: 20 | C53: =13.3+65.25 -> 78.55 | D53: 130126/140126-1 | F53: 630 | I53: 7.05 | J53: 6.95 | K53: 6.4 | L53: 6.6 | M53: 6.6 | N53: 8.1 | O53: 6.85 | P53: 6.65 | Q53: 7.35 | R53: 7.55 | Z53: =SUM(I53:Y53) -> 70.1 | AA53: =+Z53/C53 -> 0.89242521
A54: 46038 | B54: 21 | C54: =12.6+18.3+33 -> 63.9 | D54: 130126/14-2/14-1 | F54: 630 | I54: 5.95 | J54: 5.5 | K54: 6.9 | L54: 5.95 | M54: 6.95 | N54: 6 | O54: 6.35 | P54: 7 | Q54: 7.1 | Z54: =SUM(I54:Y54) -> 57.7 | AA54: =+Z54/C54 -> 0.9029734
A55: 46038 | B55: 22 | C55: =13.9+56.95 -> 70.85 | D55: 130126/14-2/14-1 | I55: 6.45 | J55: 7 | K55: 7.1 | L55: 6.95 | M55: 6.7 | N55: 7.05 | O55: 7.3 | P55: 7.1 | Q55: 7.45 | Z55: =SUM(I55:Y55) -> 63.1 | AA55: =+Z55/C55 -> 0.89061397
A56: 46038 | B56: 23 | C56: =12.95+66.5 -> 79.45 | D56: 130126/14-2/14-1 | I56: 5.85 | J56: 6.3 | K56: 7.5 | L56: 5.1 | M56: 6.35 | N56: 6.3 | O56: 6.2 | P56: 7.2 | Q56: 7 | R56: 6.95 | Z56: =SUM(I56:Y56) -> 64.75 | AA56: =+Z56/C56 -> 0.81497797
A57: 46039 | B57: 24 | C57: =15.35+67.4 -> 82.75 | D57: 130126/150126 | F57: 657.5 | I57: 7 | J57: 7.15 | K57: 6.35 | L57: 6.15 | M57: 7.7 | N57: 6.5 | O57: 6.6 | P57: 6.9 | Q57: 7.25 | R57: 6.25 | S57: 7.2 | Z57: =SUM(I57:Y57) -> 75.05 | AA57: =+Z57/C57 -> 0.90694864
A58: 46039 | B58: 25 | C58: =15.4+66.4 -> 81.8 | D58: 130126/150126 | F58: 660 | I58: 6.2 | J58: 5.95 | K58: 5.15 | L58: 6.35 | M58: 5.7 | N58: 6 | O58: 6.15 | P58: 7.05 | Q58: 6.15 | R58: 6.7 | S58: 6.85 | T58: 8.3 | Z58: =SUM(I58:Y58) -> 76.55 | AA58: =+Z58/C58 -> 0.93581907
A59: 46041 | B59: 26 | C59: =15+62.3 -> 77.3 | D59: 130126/150126 | I59: 6.35 | J59: 6.15 | K59: 6.6 | L59: 6.5 | M59: 6.4 | N59: 6.65 | O59: 6.8 | P59: 5.95 | Q59: 7.8 | R59: 6.8 | S59: 6.8 | Z59: =SUM(I59:Y59) -> 72.8 | AA59: =+Z59/C59 -> 0.94178525
A60: 46041 | B60: 27 | C60: =15+59.8 -> 74.8 | D60: 190126/150126 | I60: 6.6 | J60: 6.75 | K60: 6.6 | L60: 6 | M60: 6.85 | N60: 6.65 | O60: 6.05 | P60: 6.5 | Q60: 6.2 | R60: 6.75 | S60: 6.2 | Z60: =SUM(I60:Y60) -> 71.15 | AA60: =+Z60/C60 -> 0.95120321
A61: 46042 | B61: 28 | C61: =0+59.65 -> 59.65 | D61: 130126/150126 | I61: 6.1 | J61: 5.6 | K61: 5.8 | L61: 6.95 | M61: 6.45 | N61: 7.5 | O61: 6.4 | P61: 6.35 | Q61: 7.15 | R61: 7.2 | S61: 6.2 | Z61: =SUM(I61:Y61) -> 71.7 | AA61: =+Z61/C61 -> 1.2020117
A62: 46042 | B62: 29 | C62: =15+65.25 -> 80.25 | D62: 130126/160126 | F62: 750 | I62: 6.6 | J62: 6.8 | K62: 6.55 | L62: 7.6 | M62: 7.95 | N62: 7.35 | O62: 7.3 | P62: 7.55 | Q62: 7.35 | R62: 7.4 | S62: 7.5 | Z62: =SUM(I62:Y62) -> 79.95 | AA62: =+Z62/C62 -> 0.99626168
A63: 46042 | B63: 30 | C63: =15+63 -> 78 | D63: 130126/160126 | F63: 750 | I63: 4.6 | J63: 5.95 | K63: 2.45 | L63: 5.4 | M63: 4.9 | N63: 5.05 | O63: 5.65 | P63: 5.45 | Q63: 4.95 | R63: 5.45 | S63: 4.75 | T63: 5.5 | U63: 5.8 | V63: 5.8 | W63: 6.15 | Z63: =SUM(I63:Y63) -> 77.85 | AA63: =+Z63/C63 -> 0.99807692
A64: 46042 | B64: 31 | C64: =18+50 -> 68 | D64: 130126/160126 | F64: 750 | I64: 5.05 | J64: 5.05 | K64: 4.7 | L64: 5.1 | M64: 5.15 | N64: 5.55 | O64: 4.95 | P64: 4.8 | Q64: 5.15 | R64: 5 | S64: 5.15 | T64: 5.15 | U64: 5.2 | V64: 5.8 | Z64: =SUM(I64:Y64) -> 71.8 | AA64: =+Z64/C64 -> 1.0558824
A65: 46043 | B65: 32 | C65: 68 | D65: 160126 | F65: 668 | I65: 5.1 | J65: 5.55 | K65: 2.25 | L65: 4.95 | M65: 4.85 | N65: 4.6 | O65: 5.35 | P65: 5.1 | Q65: 4.95 | R65: 5.15 | S65: 4.65 | T65: 5.6 | U65: 5.35 | V65: 4.65 | Z65: =SUM(I65:Y65) -> 68.1 | AA65: =+Z65/C65 -> 1.0014706
A66: 46043 | B66: 33 | C66: =54+15-5.75 -> 63.25 | D66: 160126/150126 | F66: 630 | I66: 5.7 | J66: 5.7 | K66: 6.25 | L66: 6.7 | M66: 6.25 | N66: 5.85 | O66: 6.2 | P66: 6.6 | Q66: 6.6 | R66: 6.05 | S66: 6.15 | AA66: =+Z66/C66 -> #VALUE!
A67: 46043 | B67: 34 | C67: =15.7+56.6-1.75 -> 70.55 | D67: 150126/170126 | F67: 740 | I67: 5.9 | J67: 5.45 | K67: 4.8 | L67: 5.75 | M67: 6.3 | N67: 6.15 | O67: 6.1 | P67: 6.6 | Q67: 5.9 | R67: 5.85 | S67: 6.3 | T67: 6.7 | Z67: =SUM(I67:Y67) -> 71.8 | AA67: =+Z67/C67 -> 1.0177179
A68: 46043 | B68: 35 | C68: =15+56.6 -> 71.6 | D68: 150126/170126 | F68: 710 | I68: 6.2 | J68: 5.7 | K68: 6.2 | L68: 6.65 | M68: 6.3 | N68: 6.55 | O68: 6.4 | P68: 5.75 | Q68: 5.9 | R68: 6.25 | S68: 5.65 | Z68: =SUM(I68:Y68) -> 67.55 | AA68: =+Z68/C68 -> 0.94343575
A69: 46043 | B69: 36 | C69: =15+62.95-3.7 -> 74.25 | D69: 170126/lote 10 | F69: 771 | I69: 6.9 | J69: 6.2 | K69: 6.15 | L69: 5.75 | M69: 6.05 | N69: 5.85 | O69: 6.55 | P69: 6.05 | Q69: 5.65 | R69: 6.85 | S69: 5.5 | T69: 6.7 | Z69: =SUM(I69:Y69) -> 74.2 | AA69: =+Z69/C69 -> 0.9993266
A70: 46044 | B70: 37 | C70: =60+8.5+15 -> 83.5 | D70: 170126/150126 | F70: 760 | I70: 2.2 | J70: 5.8 | K70: 6.45 | L70: 5.8 | M70: 5.75 | N70: 6.25 | O70: 6.15 | P70: 6.05 | Q70: 5.8 | R70: 5.8 | S70: 6.1 | T70: 6.1 | U70: 6.05 | Z70: =SUM(I70:Y70) -> 74.3 | AA70: =+Z70/C70 -> 0.88982036
A71: 46044 | B71: 38 | C71: =19.8+45.5+15 -> 80.3 | D71: 170126/2001/lote 10 | F71: 800 | I71: 3.2 | J71: 5.6 | K71: 6.2 | L71: 5.9 | M71: 6.1 | N71: 6 | O71: 6.2 | P71: 5.45 | Q71: 6.15 | R71: 5.7 | S71: 6.35 | T71: 5.55 | Z71: =SUM(I71:Y71) -> 68.4 | AA71: =+Z71/C71 -> 0.85180573
A72: 46044 | B72: 39 | C72: =15+67.3 -> 82.3 | D72: 200126/lote 10 | F72: 620 | I72: 6.8 | J72: 5.85 | K72: 5.55 | L72: 5.85 | M72: 5.8 | N72: 6.1 | O72: 6.4 | P72: 5.5 | Q72: 5.65 | R72: 6.05 | S72: 6.4 | T72: 6.45 | U72: 5.6 | Z72: =SUM(I72:Y72) -> 78 | AA72: =+Z72/C72 -> 0.94775213
A73: 46044 | B73: 40 | C73: =15+63.8 -> 78.8 | D73: lote 10/200126 | I73: 6.25 | J73: 6.45 | K73: 6.4 | L73: 6.6 | M73: 6.65 | N73: 6.55 | O73: 6.3 | P73: 6.5 | Q73: 6.2 | R73: 5.7 | S73: 4.75 | Z73: =SUM(I73:Y73) -> 68.35 | AA73: =+Z73/C73 -> 0.86738579
A74: 46045 | B74: 41 | C74: =15+72.9 -> 87.9 | D74: 6 | F74: 800 | I74: 6.2 | J74: 6.7 | K74: 5.65 | L74: 6.35 | M74: 5.25 | N74: 5.35 | O74: 5.95 | P74: 6.45 | Q74: 5.9 | R74: 5.2 | S74: 6 | T74: 6.5 | U74: 5.85 | Z74: =SUM(I74:Y74) -> 77.35 | AA74: =+Z74/C74 -> 0.87997725
A75: 46045 | B75: 42 | C75: =15+64.8 -> 79.8 | F75: 790.5 | I75: 5.95 | J75: 6.95 | K75: 6.35 | L75: 5.6 | M75: 3.5 | N75: 6.1 | O75: 5.9 | P75: 6.2 | Q75: 6.35 | R75: 7.05 | S75: 5.8 | T75: 7.1 | U75: 6.05 | Z75: =SUM(I75:Y75) -> 78.9 | AA75: =+Z75/C75 -> 0.9887218
A76: 46045 | B76: 43 | C76: =15+55.2 -> 70.2 | F76: 690 | I76: 6.1 | J76: 6.5 | K76: 7 | L76: 6.9 | M76: 6.55 | N76: 7.35 | O76: 6.4 | P76: 7.25 | Q76: 7.45 | R76: 6.45 | Z76: =SUM(I76:Y76) -> 67.95 | AA76: =+Z76/C76 -> 0.96794872
A77: 46046 | B77: 44 | C77: 70 | D77: 21 | F77: 700 | I77: 6.45 | J77: 6.65 | K77: 6.6 | L77: 6.8 | M77: 7 | N77: 6.2 | O77: 2.75 | P77: 2.7 | Q77: 2.75 | R77: 2.85 | S77: 2.9 | T77: 2.85 | U77: 2.6 | V77: 2.75 | W77: 2.75 | X77: 2.75 | Y77: 2.7 | Z77: =SUM(I77:Y77) -> 70.05 | AA77: =+Z77/C77 -> 1.0007143
A78: 46046 | B78: 45 | C78: 61.85 | D78: 21 | F78: 680 | I78: 7.65 | J78: 6.5 | K78: 6 | L78: 7.15 | M78: 7.75 | N78: 7.35 | O78: 7.3 | P78: 6.55 | Q78: 6.9 | Z78: =SUM(I78:Y78) -> 63.15 | AA78: =+Z78/C78 -> 1.0210186
A79: 46049 | B79: 46 | C79: 64.3 | D79: 21 | I79: 7.25 | J79: 6.85 | K79: 7.6 | L79: 7.4 | M79: 7.95 | N79: 6.85 | O79: 6.75 | P79: 7.05 | Z79: =SUM(I79:Y79) -> 57.7 | AA79: =+Z79/C79 -> 0.89735614
A80: 46049 | B80: 47 | C80: 65 | D80: 21 | F80: 650 | I80: 7.4 | J80: 8.1 | K80: 7.35 | L80: 6.5 | M80: 7.35 | N80: 7.4 | O80: 7.7 | P80: 7.5 | Q80: 2 | Z80: =SUM(I80:Y80) -> 61.3 | AA80: =+Z80/C80 -> 0.94307692
A81: 46049 | B81: 48 | C81: 65 | D81: 21 | F81: 650 | I81: 8.4 | J81: 7.35 | K81: 8.05 | L81: 7.55 | M81: 8 | N81: 8.1 | O81: 7.8 | P81: 7.7 | Z81: =SUM(I81:Y81) -> 62.95 | AA81: =+Z81/C81 -> 0.96846154
A82: 46049 | B82: 49 | C82: 65 | D82: 22 | F82: 650 | I82: 8.6 | J82: 7.4 | K82: 7.9 | L82: 8.2 | M82: 7.45 | N82: 7.55 | O82: 7.2 | P82: 7.65 | Z82: =SUM(I82:Y82) -> 61.95 | AA82: =+Z82/C82 -> 0.95307692
A83: 46049 | B83: 50 | C83: 65 | D83: 22 | F83: 650 | I83: 7.5 | J83: 5.65 | K83: 7.75 | L83: 7.5 | M83: 7.4 | N83: 7.35 | O83: 7.55 | P83: 7.6 | Z83: =SUM(I83:Y83) -> 58.3 | AA83: =+Z83/C83 -> 0.89692308
A84: 46050 | B84: 51 | C84: 65 | D84: 22 | F84: 650 | I84: 7.1 | J84: 7.75 | K84: 4.5 | L84: 7.55 | M84: 6.65 | N84: 7.25 | O84: 7.15 | P84: 7.2 | Q84: 6.35 | Z84: =SUM(I84:Y84) -> 61.5 | AA84: =+Z84/C84 -> 0.94615385
A85: 46050 | B85: 52 | C85: 65 | D85: 22 | F85: 650 | I85: 2.65 | J85: 7.75 | K85: 6.85 | L85: 7.85 | M85: 8.1 | N85: 7.9 | O85: 7.45 | P85: 7.35 | Q85: 7.95 | Z85: =SUM(I85:Y85) -> 63.85 | AA85: =+Z85/C85 -> 0.98230769
A86: 46050 | B86: 53 | C86: 70 | D86: 23 | F86: 700 | I86: 8.1 | J86: 7.2 | K86: 7.45 | L86: 7.6 | M86: 7.95 | N86: 7.95 | O86: 8 | P86: 8.05 | Q86: 7.05 | Z86: =SUM(I86:Y86) -> 69.35 | AA86: =+Z86/C86 -> 0.99071429
A87: 46050 | B87: 54 | C87: 70 | D87: 23 | F87: 700 | I87: 7.65 | J87: 7.95 | K87: 8 | L87: 3.2 | M87: 8.7 | N87: 8 | O87: 8.45 | P87: 7.1 | Q87: 7.5 | Z87: =SUM(I87:Y87) -> 66.55 | AA87: =+Z87/C87 -> 0.95071429
A88: 46050 | B88: 55 | C88: 70 | D88: 23 | F88: 700 | I88: 7.4 | J88: 6.8 | K88: 7.4 | L88: 7.6 | M88: 7.3 | N88: 7.65 | O88: 7.85 | P88: 7.65 | Q88: 7.35 | Z88: =SUM(I88:Y88) -> 67 | AA88: =+Z88/C88 -> 0.95714286
A89: 46050 | B89: 56 | C89: 70 | D89: 23/24-4 | F89: 700 | I89: 8 | J89: 7.75 | K89: 7.75 | L89: 8 | M89: 8.8 | N89: 7.4 | O89: 7.75 | P89: 8.35 | Q89: 3.6 | Z89: =SUM(I89:Y89) -> 67.4 | AA89: =+Z89/C89 -> 0.96285714
A90: 46051 | B90: 57 | C90: 70 | D90: 240126 | F90: 700 | I90: 7.45 | J90: 7.25 | K90: 7.5 | L90: 8.15 | M90: 7.7 | N90: 8.3 | O90: 7.1 | P90: 7.65 | Z90: =SUM(I90:Y90) -> 61.1 | AA90: =+Z90/C90 -> 0.87285714
A91: 46051 | B91: 58 | C91: 70 | D91: 240126 | F91: 700 | I91: 8.25 | J91: 7.85 | K91: 7.5 | L91: 7.2 | M91: 7.35 | N91: 8.85 | O91: 7.7 | P91: 8.8 | Z91: =SUM(I91:Y91) -> 63.5 | AA91: =+Z91/C91 -> 0.90714286
A92: 46051 | B92: 59 | C92: 70 | D92: 240126 | F92: 700 | I92: 7.85 | J92: 3.15 | K92: 7.75 | L92: 8.65 | M92: 7.65 | N92: 8.6 | O92: 7.3 | P92: 7.75 | Q92: 7.8 | Z92: =SUM(I92:Y92) -> 66.5 | AA92: =+Z92/C92 -> 0.95
A93: 46051 | B93: 60 | C93: 70 | D93: 240126 | I93: 8.4 | J93: 4.7 | K93: 8.7 | L93: 8.95 | M93: 8.25 | N93: 7.8 | O93: 7.8 | P93: 8.25 | Q93: 7.25 | Z93: =SUM(I93:Y93) -> 70.1 | AA93: =+Z93/C93 -> 1.0014286
A94: 46051 | B94: 61 | C94: 27.37 | D94: 240126 | I94: 2.85 | J94: 2.95 | K94: 2.85 | L94: 2.8 | M94: 2.95 | N94: 2.95 | O94: 2.85 | P94: 2.85 | Q94: 3 | R94: 2.95 | S94: 2.95 | T94: 2.85 | Z94: =SUM(I94:Y94) -> 34.8 | AA94: =+Z94/C94 -> 1.2714651
A95: 46052 | B95: 62 | C95: 70 | D95: 270126 | F95: 600 | I95: 8.15 | J95: 8.85 | K95: 8.3 | L95: 7.7 | M95: 8.9 | N95: 7.7 | O95: 7.95 | P95: 7.6 | Z95: =SUM(I95:Y95) -> 65.15 | AA95: =+Z95/C95 -> 0.93071429
A96: 46052 | B96: 63 | C96: 70 | D96: 270126 | F96: 600 | I96: 7.1 | J96: 8.2 | K96: 8.1 | L96: 4.75 | M96: 7.15 | N96: 7.25 | O96: 8.05 | P96: 7.85 | Z96: =SUM(I96:Y96) -> 58.45 | AA96: =+Z96/C96 -> 0.835
A97: 46052 | B97: 64 | C97: queso criollo | Z97: =SUM(I97:Y97) -> 0 | AA97: =+Z97/C97 -> #VALUE!
A98: 46052 | B98: 65 | C98: 70 | D98: 270126 | F98: 600 | I98: 7.75 | J98: 7.4 | K98: 8.55 | L98: 7.8 | M98: 8.65 | N98: 8.35 | O98: 8.6 | P98: 8 | Z98: =SUM(I98:Y98) -> 65.1 | AA98: =+Z98/C98 -> 0.93
A99: 46052 | B99: 66 | C99: =70+19.85 -> 89.85 | D99: 270126 | I99: 8.85 | J99: 8.75 | K99: 8.3 | L99: 7.5 | M99: 8.2 | N99: 7.55 | O99: 8.9 | P99: 7.8 | Q99: 3.25 | Z99: =SUM(I99:Y99) -> 69.1 | AA99: =+Z99/C99 -> 0.76905954
A100: 46052 | B100: 67 | C100: queso criollo | Z100: =SUM(I100:Y100) -> 0 | AA100: =+Z100/C100 -> #VALUE!
...

Sheet BALANCE PRINCIPAL
A1: FECHA | B1: VOLUMEN LECHE [L] | C1: MASA CUAJADA [KG] | D1: MASA PRENSADA [KG] | E1: MASA INICIO HILADO[KG] | F1: DESUERADO | G1: MASA FINAL HILADO [KG] | H1: RELACION LECHE/PRENSA | I1: MASA PRODUCTO FINAL [KG] | J1: PRESENTACION | K1: OBSERVACION | L1: RELACION L/kg
A2: =CUAJADA!A2 -> 46003 | B2: =CUAJADA!C2 -> 2700 | C2: =CUAJADA!BQ2 -> 0 | L2: =B2/I2 -> #DIV/0!
A3: =CUAJADA!A3 -> 46004 | B3: =CUAJADA!C3 -> 2900 | C3: =CUAJADA!BQ3 -> 0 | L3: =B3/I3 -> #DIV/0!
A4: =CUAJADA!A4 -> 46008 | B4: =CUAJADA!C4 -> 3000 | C4: =CUAJADA!BQ4 -> 0 | L4: =B4/I4 -> #DIV/0!
A5: =CUAJADA!A5 -> 46009 | B5: =CUAJADA!C5 -> 2900 | C5: =CUAJADA!BQ5 -> 0 | L5: =B5/I5 -> #DIV/0!
A6: =CUAJADA!A6 -> 46010 | B6: =CUAJADA!C6 -> 2750 | C6: =CUAJADA!BQ6 -> 0 | L6: =B6/I6 -> #DIV/0!
A7: =CUAJADA!A7 -> 46011 | B7: =CUAJADA!C7 -> 2820 | C7: =CUAJADA!BQ7 -> 0 | L7: =B7/I7 -> #DIV/0!
A8: =CUAJADA!A8 -> 46014 | B8: =CUAJADA!C8 -> 3000 | C8: =CUAJADA!BQ8 -> 0 | L8: =B8/I8 -> #DIV/0!
A9: =CUAJADA!A9 -> 46030 | B9: =CUAJADA!C9 -> 3000 | C9: =CUAJADA!BQ9 -> 417.6 | L9: =B9/I9 -> #DIV/0!
A10: =CUAJADA!A10 -> 46031 | B10: =CUAJADA!C10 -> 3000 | C10: =CUAJADA!BQ10 -> 420.58 | L10: =B10/I10 -> #DIV/0!
A11: =CUAJADA!A11 -> 46032 | B11: =CUAJADA!C11 -> 2750 | C11: =CUAJADA!BQ11 -> 382.35 | E11: =SUM(HILADO!C44:C47) -> 211.41 | L11: =B11/I11 -> #DIV/0!
A12: =CUAJADA!A12 -> 46035 | B12: =CUAJADA!C12 -> 2850 | C12: =CUAJADA!BQ12 -> 406.15 | L12: =B12/I12 -> #DIV/0!
A13: =CUAJADA!A13 -> 46036 | B13: =CUAJADA!C13 -> 3100 | C13: =CUAJADA!BQ13 -> 482.15 | L13: =B13/I13 -> #DIV/0!
A14: =CUAJADA!A14 -> 46037 | B14: =CUAJADA!C14 -> 2950 | C14: =CUAJADA!BQ14 -> 347.2 | L14: =B14/I14 -> #DIV/0!
A15: =CUAJADA!A15 -> 46038 | B15: =CUAJADA!C15 -> 3000 | C15: =CUAJADA!BQ15 -> 350.7 | L15: =B15/I15 -> #DIV/0!
A16: =CUAJADA!A16 -> 46039 | B16: =CUAJADA!C16 -> 3100 | C16: =CUAJADA!BQ16 -> 456.55 | L16: =B16/I16 -> #DIV/0!
A17: =CUAJADA!A17 -> 46042 | B17: =CUAJADA!C17 -> 3000 | C17: =CUAJADA!BQ17 -> 393.7 | L17: =B17/I17 -> #DIV/0!
A18: =CUAJADA!A18 -> 46043 | B18: =CUAJADA!C18 -> 3000 | C18: =CUAJADA!BQ18 -> 371.65 | E18: =SUM(HILADO!C77:C81) -> 326.15 | F18: =C18-E18 -> 45.5 | G18: =SUM(HILADO!Z77:Z81) -> 315.15 | H18: =B18/G18 -> 9.5192765 | I18: =SUM(' RESUMEN CAMARA 2'!D77:D81) -> 163.6 | L18: =B18/I18 -> 18.337408
A19: =CUAJADA!A19 -> 46044 | B19: =CUAJADA!C19 -> 2700 | C19: =CUAJADA!BQ19 -> 319 | E19: =SUM(HILADO!C82:C85) -> 260 | F19: =C19-E19 -> 59 | G19: =SUM(HILADO!Z82:Z85) -> 245.6 | H19: =B19/G19 -> 10.993485 | I19: =SUM(' RESUMEN CAMARA 2'!D82:D85) -> 204.85 | L19: =B19/I19 -> 13.180376
A20: =CUAJADA!A20 -> 46045 | B20: =CUAJADA!C20 -> 2400 | C20: =CUAJADA!BQ20 -> 319 | E20: =SUM(HILADO!C86:C89)-4 -> 276 | F20: =C20-E20 -> 43 | G20: =SUM(HILADO!Z86:Z89) -> 270.3 | H20: =B20/G20 -> 8.8790233 | I20: =SUM(' RESUMEN CAMARA 2'!D86:D89) -> 216.55 | L20: =B20/I20 -> 11.082891
A21: =CUAJADA!A21 -> 46046 | B21: =CUAJADA!C21 -> 0 | C21: =CUAJADA!BQ21 -> 369.85 | E21: =SUM(HILADO!C90:C94)+4 -> 311.37 | F21: =C21-E21 -> 58.48 | G21: =SUM(HILADO!Z90:Z94) -> 296 | H21: =B21/G21 -> 0 | I21: =SUM(' RESUMEN CAMARA 2'!D90:D94) -> 200.85 | L21: =B21/I21 -> 0
A22: =CUAJADA!A22 -> 46049 | B22: =CUAJADA!C22 -> 2600 | C22: =CUAJADA!BQ22 -> 353.4 | E22: =SUM(HILADO!C95:C96,HILADO!C98:C99) -> 299.85 | F22: =C22-E22 -> 53.55 | G22: =SUM(HILADO!Z95:Z99) -> 257.8 | H22: =B22/G22 -> 10.085337 | I22: =SUM(' RESUMEN CAMARA 2'!D95:D99) -> 182.45 | L22: =B22/I22 -> 14.25048
A23: =CUAJADA!A23 -> 46050 | B23: =CUAJADA!C23 -> 2600 | C23: =CUAJADA!BQ23 -> 343.8 | F23: =C23-E23 -> 343.8 | H23: =B23/G23 -> #DIV/0! | L23: =B23/I23 -> #DIV/0!
A24: =CUAJADA!A24 -> 46051 | B24: =CUAJADA!C24 -> 2400 | C24: =CUAJADA!BQ24 -> 376.85 | E24: =SUM(HILADO!C127) -> 30 | F24: =C24-E24 -> 346.85 | H24: =B24/G24 -> #DIV/0! | L24: =B24/I24 -> #DIV/0!
A25: =CUAJADA!A25 -> 46052 | B25: =CUAJADA!C25 -> 2150 | C25: =CUAJADA!BQ25 -> 276.565 | E25: =SUM(HILADO!C105:C110)-3.5 -> 266.3 | F25: =C25-E25 -> 10.265 | G25: =SUM(HILADO!Z102,HILADO!Z105:Z110) -> 322.7 | H25: =B25/G25 -> 6.6625349 | I25: =SUM(' RESUMEN CAMARA 2'!D105:D110,' RESUMEN CAMARA 2'!D102) -> 255.264 | L25: =B25/I25 -> 8.4226526
A26: =CUAJADA!A26 -> 46053 | B26: =CUAJADA!C26 -> 2500 | C26: =CUAJADA!BQ26 -> 342.41 | E26: =SUM(HILADO!C111:C115)+3.5 -> 265.5 | F26: =C26-E26 -> 76.91 | G26: =SUM(HILADO!Z111:Z115) -> 233.3 | H26: =B26/G26 -> 10.715817 | I26: =SUM(' RESUMEN CAMARA 2'!D111:D115)+3 -> 196.1 | J26: =G26-I26 -> 37.2 | L26: =B26/I26 -> 12.748598
A27: =CUAJADA!A27 -> 46056 | B27: =CUAJADA!C27 -> 2600 | C27: =CUAJADA!BQ27 -> 345.3 | E27: =SUM(HILADO!C116:C120) -> 313 | F27: =C27-E27 -> 32.3 | G27: =SUM(HILADO!Z116:Z120) -> 263.6 | H27: =B27/G27 -> 9.8634294 | L27: =B27/I27 -> #DIV/0!
A28: =CUAJADA!A28 -> 46057 | B28: =CUAJADA!C28 -> 2500 | C28: =CUAJADA!BQ28 -> 291.55 | E28: =SUM(HILADO!C123:C124) + HILADO!C134 -> 197.95 | F28: =C28-E28 -> 93.6 | G28: =SUM(HILADO!Z123:Z124) -> 124.95 | H28: =B28/G28 -> 20.008003 | L28: =B28/I28 -> #DIV/0!
A29: =CUAJADA!A29 -> 46058 | B29: =CUAJADA!C29 -> 2700 | C29: =CUAJADA!BQ29 -> 0 | E29: =SUM(HILADO!C129:C132)+HILADO!C126 -> 347 | F29: =C29-E29 -> -347 | G29: =SUM(HILADO!Z126,HILADO!Z129:Z132) -> 302.4 | H29: =B29/G29 -> 8.9285714 | L29: =B29/I29 -> #DIV/0!
A30: =CUAJADA!A30 -> 46059 | B30: =CUAJADA!C30 -> 2600 | C30: =CUAJADA!Z30 -> 61.55 | D30: =CUAJADA!Y30 -> 264.05 | E30: =SUM(HILADO!C133,HILADO!C125) -> 62.6 | F30: =C30-E30 -> -1.05 | G30: =SUM(HILADO!Z133) -> 57.45 | H30: =B30/G30 -> 45.256745 | L30: =B30/D30 -> 9.84662
A31: =CUAJADA!A31 -> 46060 | B31: =CUAJADA!C31 -> 2600 | C31: =CUAJADA!Z31 -> 43.7 | D31: =CUAJADA!Y31 -> 247.2 | E31: =CUAJADA!Z31 -> 43.7 | F31: =C31-E31 -> 0 | I31: 235.3 | J31: =I31/B31 -> 0.0905 | L31: =B31/D31 -> 10.517799
A32: =CUAJADA!A32 -> 46063 | B32: =CUAJADA!C32 -> 2300 | C32: =CUAJADA!Z32 -> 0 | D32: =CUAJADA!Y32 -> 322.5 | F32: =C32-E32 -> 0 | G32: =SUM(HILADO!Z135) -> 322.5 | H32: =B32/I32 -> 9.3287366 | I32: 246.55 | L32: =B32/D32 -> 7.1317829
A33: =CUAJADA!A33 -> 46064 | B33: =CUAJADA!C33 -> 2500 | C33: =CUAJADA!Z33 -> 0 | D33: =CUAJADA!Y33 -> 255.7 | F33: =C33-E33 -> 0 | G33: =SUM(HILADO!Z136) -> 255.7 | H33: =B33/C33 -> #DIV/0! | I33: ='REGISTRO DE ENVASADO'!E33 -> 232.95 | L33: =B33/D33 -> 9.7770825
A34: =CUAJADA!A34 -> 46065 | B34: =CUAJADA!C34 -> 2300 | C34: =CUAJADA!Z34 -> 0 | D34: =CUAJADA!Y34 -> 271.65 | F34: =C34-E34 -> 0 | G34: =SUM(HILADO!Z137) -> 271.65 | H34: =B34/C34 -> #DIV/0! | I34: ='REGISTRO DE ENVASADO'!E34 -> 239.15 | L34: =B34/D34 -> 8.4667771
A35: =CUAJADA!A35 -> 46066 | B35: =CUAJADA!C35 -> 0 | C35: =CUAJADA!Z35 -> 0 | D35: =CUAJADA!Y35 -> 0 | F35: =C35-E35 -> 0 | G35: =SUM(HILADO!Z138) -> 0 | H35: =B35/C35 -> #DIV/0! | L35: =B35/D35 -> #DIV/0!
A36: =CUAJADA!A36 -> 46067 | B36: =CUAJADA!C36 -> 3250 | C36: =CUAJADA!Z36 -> 0 | D36: =CUAJADA!Y36 -> 502 | F36: =C36-E36 -> 0 | G36: =SUM(HILADO!Z139) -> 46.75 | H36: =B36/C36 -> #DIV/0! | L36: =B36/D36 -> 6.4741036
A37: =CUAJADA!A37 -> 46070 | B37: =CUAJADA!C37 -> 0 | C37: =CUAJADA!Z37 -> 0 | D37: =CUAJADA!Y37 -> 0 | F37: =C37-E37 -> 0 | G37: =SUM(HILADO!Z140) -> 18.5 | H37: =B37/C37 -> #DIV/0! | L37: =B37/D37 -> #DIV/0!
A38: =CUAJADA!A38 -> 46071 | B38: 3400 | C38: =CUAJADA!Z38 -> 383.2 | D38: =CUAJADA!Y38 -> 91.65 | E38: 327.45 | F38: =C38-E38 -> 55.75 | G38: =SUM(HILADO!Z141) -> 18.7 | H38: =B38/C38 -> 8.8726514 | L38: =B38/(D38+E38) -> 8.1126223
A39: =CUAJADA!A39 -> 46072 | B39: =CUAJADA!C39 -> 0 | C39: =CUAJADA!Z39 -> 0 | D39: =CUAJADA!Y39 -> 0 | F39: =C39-E39 -> 0 | G39: =SUM(HILADO!Z142) -> 46.25 | H39: =B39/C39 -> #DIV/0! | L39: =B39/D39 -> #DIV/0!
A40: =CUAJADA!A40 -> 46073 | B40: =CUAJADA!C40 -> 2300 | C40: =CUAJADA!Z40 -> 0 | D40: =CUAJADA!Y40 -> 230.35 | F40: =C40-E40 -> 0 | G40: =SUM(HILADO!Z143) -> 43.65 | H40: =B40/C40 -> #DIV/0! | I40: 230.35 | L40: =B40/D40 -> 9.9848057
A41: 46074 | B41: =CUAJADA!C41 -> 2450 | C41: =CUAJADA!Z41 -> 161.8 | D41: =CUAJADA!Y41 -> 142.95 | H41: =B41/C41 -> 15.142151 | L41: =B41/D41/2 -> 8.5694299
A42: 46077 | B42: =CUAJADA!C42 -> 0 | C42: =CUAJADA!Z42 -> 0 | D42: =CUAJADA!Y42 -> 0 | H42: =B42/C42 -> #DIV/0! | L42: =B42/D42 -> #DIV/0!
A43: 46078 | B43: =CUAJADA!C43 -> 0 | C43: =CUAJADA!Z43 -> 0 | D43: =CUAJADA!Y43 -> 0 | H43: =B43/C43 -> #DIV/0! | L43: =B43/D43 -> #DIV/0!
A44: 46079 | B44: =CUAJADA!C44 -> 2200 | C44: =CUAJADA!Z44 -> 0 | D44: =CUAJADA!Y44 -> 232.05 | H44: =B44/C44 -> #DIV/0! | L44: =B44/D44 -> 9.4807154
A45: 46080 | B45: =CUAJADA!C45 -> 2200 | C45: =CUAJADA!Z45 -> 0 | D45: =CUAJADA!Y45 -> 236.6 | H45: =B45/C45 -> #DIV/0!
A46: 46081 | B46: =CUAJADA!C46 -> 0 | C46: =CUAJADA!Z46 -> 0 | D46: =CUAJADA!Y46 -> 0 | H46: =B46/C46 -> #DIV/0!
A47: 46082 | B47: =CUAJADA!C47 -> 0 | C47: =CUAJADA!Z47 -> 0 | D47: =CUAJADA!Y47 -> 0 | H47: =B47/C47 -> #DIV/0!
A48: 46083 | B48: =CUAJADA!C48 -> 0 | C48: =CUAJADA!Z48 -> 0 | D48: =CUAJADA!Y48 -> 0 | H48: =B48/C48 -> #DIV/0!
A49: 46084 | B49: =CUAJADA!C49 -> 2400 | C49: =CUAJADA!Z49 -> 0 | D49: =CUAJADA!Y49 -> 300.55 | H49: =B49/C49 -> #DIV/0!
A50: 46085 | B50: =CUAJADA!C50 -> 2400 | C50: =CUAJADA!Z50 -> 0 | D50: =CUAJADA!Y50 -> 271.2 | H50: =B50/C50 -> #DIV/0!
D51: =CUAJADA!Y51 -> 0

Sheet  RESUMEN CAMARA 2
A1: FECHA HILADO | B1: NUMERACION | C1: TIPO | D1: PESO ENVASADO | E1: UNIDADES | F1: PRESENTACION | G1: FECHA ENVASADO | H1: FECHA VENCIMIENTO
A2: =HILADO!A2 -> 46002 | B2: =HILADO!B2 -> 1 | C2: Q.M.
A3: =HILADO!A3 -> 46002 | B3: =HILADO!B3 -> 2 | C3: Q.M.
A4: =HILADO!A4 -> 46002 | B4: =HILADO!B4 -> 3 | C4: Q.M.
A5: =HILADO!A5 -> 46003 | B5: =HILADO!B5 -> 4 | C5: Q.M.
A6: =HILADO!A6 -> 46004 | B6: =HILADO!B6 -> 5 | C6: Q.M.
A7: =HILADO!A7 -> 46004 | B7: =HILADO!B7 -> 6 | C7: Q.M.
A8: =HILADO!A8 -> 46006 | B8: =HILADO!B8 -> 7 | C8: Q.M.
A9: =HILADO!A9 -> 46006 | B9: =HILADO!B9 -> 8 | C9: Q.M.
A10: =HILADO!A10 -> 46006 | B10: =HILADO!B10 -> 9 | C10: Q.M.
A11: =HILADO!A11 -> 46006 | B11: =HILADO!B11 -> 10 | C11: Q.M.
A12: =HILADO!A12 -> 46007 | B12: =HILADO!B12 -> 11 | C12: Q.M.
A13: =HILADO!A13 -> 46007 | B13: =HILADO!B13 -> 0 | C13: Q.M.
... A36: =HILADO!A36 -> 46014 | B36: =HILADO!B36 -> 23 | C36: Q.M.
A37: =HILADO!A37 -> 46031 | B37: =HILADO!B37 -> 1 | C37: Q.M. | D37: 46.3 | E37: 27 | H37: 46121
A38: =HILADO!A38 -> 46031 | B38: =HILADO!B38 -> 2 | C38: Q.M. | D38: 24.7 | E38: 15 | H38: 46121
A39: =HILADO!A39 -> 46031 | B39: =HILADO!B39 -> 3 | C39: Q.M. | D39: 36.75 | E39: 23 | H39: 46121
A40: =HILADO!A40 -> 46031 | B40: =HILADO!B40 -> 6 | C40: Q.M. | D40: 23.4 | E40: 14 | H40: 46121
A41: =HILADO!A41 -> 46032 | B41: =HILADO!B41 -> 7 | C41: Q.M. | D41: 20.9 | E41: 14 | H41: 46122
A42: =HILADO!A42 -> 46032 | B42: =HILADO!B42 -> 8 | C42: Q.M. | D42: 32.2 | E42: 18 | H42: 46122
A43: =HILADO!A43 -> 46032 | B43: =HILADO!B43 -> 9 | C43: Q.M. | D43: 25.95 | E43: 16 | H43: 46122
A44: =HILADO!A44 -> 46034 | B44: =HILADO!B44 -> 11 | C44: Q.M. | D44: 42.7 | E44: 24 | H44: 46124
A45: =HILADO!A45 -> 46034 | B45: =HILADO!B45 -> 12 | C45: Q.M. | D45: 37.8 | E45: 21 | H45: 46124
A46: =HILADO!A46 -> 46034 | B46: =HILADO!B46 -> 13 | C46: Q.M. | D46: 37.85 | E46: 23 | H46: 46124
A47: =HILADO!A47 -> 46036 | B47: =HILADO!B47 -> 14 | C47: Q.M. | D47: 40.4 | E47: 23 | H47: 46126
A48: =HILADO!A48 -> 46036 | B48: =HILADO!B48 -> 15 | C48: Q.M. | D48: 45.55 | E48: 26 | H48: 46126
... A67: =HILADO!A67 -> 46043 | B67: =HILADO!B67 -> 34 | C67: Q.M. | D67: 42.7 | E67: 24 | H67: 46133
A68: =HILADO!A68 -> 46043 | B68: =HILADO!B68 -> 35 | C68: Q.M. | D68: 41.35 | E68: 77 | F68: 0,5 KG | H68: 46133
A69: =HILADO!A69 -> 46043 | B69: =HILADO!B69 -> 36 | C69: Q.M. | D69: 37.85 | E69: 23 | H69: 46133
A70: =HILADO!A70 -> 46044 | B70: =HILADO!B70 -> 37 | C70: Q.M. | D70: 40.4 | E70: 23 | H70: 46134
A71: =HILADO!A71 -> 46044 | B71: =HILADO!B71 -> 38 | C71: Q.M. | D71: 45.55 | E71: 26 | H71: 46134
A72: =HILADO!A72 -> 46044 | B72: =HILADO!B72 -> 39 | C72: Q.M. | D72: 47.55 | E72: 93 | F72: 0.5 | H72: 46134
A73: =HILADO!A73 -> 46044 | B73: =HILADO!B73 -> 40 | C73: Q.M. | D73: 28.05 | E73: 24 | H73: 46134
A74: =HILADO!A74 -> 46045 | B74: =HILADO!B74 -> 41 | C74: Q.M. | D74: 13.8 | E74: 27 | F74: 0.5 | H74: 46135
A75: =HILADO!A75 -> 46045 | B75: =HILADO!B75 -> 42 | C75: Q.M. | D75: 49.2 | H75: 46135
A76: =HILADO!A76 -> 46045 | B76: =HILADO!B76 -> 43 | C76: Q.M. | D76: 45.9 | H76: 46135
A77: =HILADO!A77 -> 46046 | B77: =HILADO!B77 -> 44 | C77: Q.M. | D77: 19.55 | E77: 38 | F77: 0.5 | H77: 46136
A78: =HILADO!A78 -> 46046 | B78: =HILADO!B78 -> 45 | C78: Q.M. | D78: 26.5 | E78: 53 | F78: 0.5 | H78: 46136
A79: =HILADO!A79 -> 46049 | B79: =HILADO!B79 -> 46 | C79: Q.M. | D79: 46.3 | E79: 16 | F79: 3.5 | H79: 46128
A80: =HILADO!A80 -> 46049 | B80: =HILADO!B80 -> 47 | C80: Q.M. | D80: 47.65 | E80: 16 | H80: 46139
A81: =HILADO!A81 -> 46049 | B81: =HILADO!B81 -> 48 | C81: Q.M. | D81: 23.6 | H81: 46139
A82: =HILADO!A82 -> 46049 | B82: =HILADO!B82 -> 49 | C82: Q.M. | D82: 69.7 | H82: 46139
A83: =HILADO!A83 -> 46049 | B83: =HILADO!B83 -> 50 | C83: Q.M. | D83: 33.7 | E83: 66 | F83: 0.5 | H83: 46139
A84: =HILADO!A84 -> 46050 | B84: =HILADO!B84 -> 51 | C84: Q.M. | D84: 51.65 | H84: 46140
A85: =HILADO!A85 -> 46050 | B85: =HILADO!B85 -> 52 | C85: Q.M. | D85: 49.8 | E85: 33 | F85: 3,5/0,5 | H85: 46140
A86: =HILADO!A86 -> 46050 | B86: =HILADO!B86 -> 53 | C86: Q.M. | D86: 57.8 | E86: 20 | F86: 3,5/0,5 | H86: 46140
A87: =HILADO!A87 -> 46050 | B87: =HILADO!B87 -> 54 | C87: Q.M. | D87: 58.6 | E87: R
A88: =HILADO!A88 -> 46050 | B88: =HILADO!B88 -> 55 | C88: Q.M. | D88: 51.5 | E88: 98 | H88: 46140
A89: =HILADO!A89 -> 46050 | B89: =HILADO!B89 -> 56 | C89: Q.M. | D89: 48.65 | H89: 46140
A90: =HILADO!A90 -> 46051 | B90: =HILADO!B90 -> 57 | C90: Q.M. | D90: 48.35 | E90: R | H90: 46141
A91: =HILADO!A91 -> 46051 | B91: =HILADO!B91 -> 58 | C91: Q.M. | D91: 41.35 | E91: 77 | H91: 46141
A92: =HILADO!A92 -> 46051 | B92: =HILADO!B92 -> 59 | C92: Q.M. | D92: 44.8 | E92: 60 | F92: 0.5 | H92: 46141
A93: =HILADO!A93 -> 46051 | B93: =HILADO!B93 -> 60 | C93: Q.M. | D93: 43.25 | E93: 85 | F93: 0.5 | H93: 46141
A94: =HILADO!A94 -> 46051 | B94: =HILADO!B94 -> 61 | C94: Q.M. | D94: 23.1 | E94: R
A95: =HILADO!A95 -> 46052 | B95: =HILADO!B95 -> 62 | C95: Q.M. | D95: 47.55 | E95: 93 | H95: 46142
A96: =HILADO!A96 -> 46052 | B96: =HILADO!B96 -> 63 | C96: Q.M. | D96: 33.95
A97: =HILADO!A97 -> 46052 | B97: =HILADO!B97 -> 64 | C97: Q.M. | D97: 36.7
A98: =HILADO!A98 -> 46052 | B98: =HILADO!B98 -> 65 | C98: Q.M. | D98: 30.1
A99: =HILADO!A99 -> 46052 | B99: =HILADO!B99 -> 66 | C99: Q.M. | D99: 34.15 | E99: R
A100: =HILADO!A100 -> 46052 | B100: =HILADO!B100 -> 67 | C100: Q.M. | D100: 26.05 | E100: 38
A101: =HILADO!A101 -> 46053 | B101: =HILADO!B101 -> 68 | C101: Q.M. | D101: 51.3 | E101: 53
A102: =HILADO!A102 -> 46055 | B102: =HILADO!B102 -> 69 | C102: Q.M. | D102: 55.05 | E102: 16
A103: =HILADO!A103 -> 46055 | B103: =HILADO!B103 -> 70 | C103: Q.M. | D103: 40.3
A104: =HILADO!A104 -> 46055 | B104: =HILADO!B104 -> 71 | C104: Q.M. | D104: 55.05
A105: =HILADO!A105 -> 46055 | B105: =HILADO!B105 -> 72 | C105: Q.M. | D105: 59.55
A106: =HILADO!A106 -> 46055 | B106: =HILADO!B106 -> 73 | C106: Q.M. | D106: 53.05 | E106: 66
A107: =HILADO!A107 -> 46056 | B107: =HILADO!B107 -> 74 | C107: Q.M. | D107: 23.064
A108: =HILADO!A108 -> 46056 | B108: =HILADO!B108 -> 75 | C108: Q.M. | D108: 18.6 | E108: 11/3,5-22/0,5
A109: =HILADO!A109 -> 46056 | B109: =HILADO!B109 -> 76 | C109: Q.M. | D109: 24.4 | E109: 10/3,5-10/0,5
A110: =HILADO!A110 -> 46056 | B110: =HILADO!B110 -> 77 | C110: Q.M. | D110: 21.55 | G110: 46062 | H110: 46145
A111: =HILADO!A111 -> 46056 | B111: =HILADO!B111 -> 78 | C111: Q.M. | D111: 40.5 | G111: 46062 | H111: 46145
A112: =HILADO!A112 -> 46057 | B112: =HILADO!B112 -> 79 | C112: Q.M. | D112: 30.35 | G112: 46062 | H112: 46146
A113: =HILADO!A113 -> 46057 | B113: =HILADO!B113 -> 80 | C113: Q.M. | D113: 35.65 | G113: 46062 | H113: 46146
A114: =HILADO!A114 -> 46057 | B114: =HILADO!B114 -> 81 | C114: Q.M. | D114: 37.8 | G114: 46062 | H114: 46146
A115: =HILADO!A115 -> 46057 | B115: =HILADO!B115 -> 82 | C115: Q.M. | D115: 48.8 | G115: 46062 | H115: 46146
A116: =HILADO!A116 -> 46058 | B116: =HILADO!B116 -> 83 | C116: Q.M. | D116: 41.35 | G116: 46062 | H116: 46147
A117: =HILADO!A117 -> 46058 | B117: =HILADO!B117 -> 84 | C117: Q.M. | D117: 43.15 | G117: 46062 | H117: 46147
A118: =HILADO!A118 -> 46058 | B118: =HILADO!B118 -> 85 | C118: Q.M. | D118: 41.15
A119: =HILADO!A119 -> 46058 | B119: =HILADO!B119 -> 86 | C119: Q.M. | D119: 43.3
A120: =HILADO!A120 -> 46058 | B120: =HILADO!B120 -> 87 | C120: Q.M. | D120: 52.4
A121: =HILADO!A121 -> 0 | B121: =HILADO!B121 -> 88 | C121: Q.M. | D121: 54.15
A122: =HILADO!A122 -> 0 | B122: =HILADO!B122 -> 89 | C122: Q.M. | D122: 50.9
A123: =HILADO!A123 -> 46059 | B123: =HILADO!B123 -> 90 | C123: Q.M. | D123: 51.75
A124: =HILADO!A124 -> 46059 | B124: =HILADO!B124 -> 91 | C124: Q.M. | D124: 59.35
A125: =HILADO!A125 -> 46059 | B125: =HILADO!B125 -> 92 | C125: Q.M. | D125: 247.9
A126: =HILADO!A126 -> 44964 | B126: =HILADO!B126 -> 93 | C126: Q.M.
A127: =HILADO!A127 -> 46060 | B127: =HILADO!B127 | C127: Q.M.
A128: =HILADO!A128 -> 46060 | B128: =HILADO!B128 -> 95
A129: =HILADO!A129 -> 46062 | B129: =HILADO!B129 -> 96
A130: =HILADO!A130 -> 46062 | B130: =HILADO!B130 -> 97
A131: =HILADO!A131 -> 46062 | B131: =HILADO!B131 -> 98
A132: =HILADO!A132 -> 46062 | B132: =HILADO!B132 -> 99
A133: =HILADO!A133 -> 46063 | B133: =HILADO!B133 -> 100
A134: =HILADO!A172 -> 0 | B134: =HILADO!B172 -> 0
A135: =HILADO!A173 -> 0 | B135: =HILADO!B173 -> 0
A136: =HILADO!A174 -> 0 | B136: =HILADO!B174 -> 0
A137: =HILADO!A175 -> 0 | B137: =HILADO!B175 -> 0
A138: =HILADO!A176 -> 0 | B138: =HILADO!B176 -> 0
A139: =HILADO!A177 -> 0 | B139: =HILADO!B177 -> 0
A140: =HILADO!A178 -> 0 | B140: =HILADO!B178 -> 0
...

Sheet REGISTRO DE ENVASADO
A1: FECHA | B1: PRODUCTO | C1: LOTE | D1: CANTIDAD | E1: PESO TOTAL (KG) | F1: RESIDUO (KG) | G1: OPERARIO | H1: OBSERVACION
A2: 46062 | B2: Q.M | C2: 75 | D2: 6 | E2: 18.6 | F2: 0.094 | G2: ALEJANDRO
A3: 46062 | B3: Q.M | C3: 76 | D3: 8 | E3: 24.4 | F3: 0.558 | G3: ALEJANDRO
A4: 46063 | B4: Q.M | C4: 77 | D4: 6 | E4: 21.55 | F4: 0.886 | G4: ALEJANDRO
A5: 46063 | B5: Q.M | C5: 78 | E5: 40.5 | F5: 2.49 | G5: WILBER
A6: 46063 | B6: Q.M | C6: 79 | D6: 10 | E6: 30.35 | F6: 2.35 | G6: ALEJANDRO
A7: 46063 | B7: Q.M. | C7: 80 | D7: 12 | E7: 35.65 | F7: 2.39 | G7: WILBER
A8: 46063 | B8: Q.M | C8: 81 | E8: 37.8 | F8: 2.164 | G8: ALEJANDRO
A9: 46063 | B9: Q.M | C9: 82 | E9: 48.8 | F9: 0.83 | G9: ALEJANDRO | H9: BLANDO (RESIDUAL
A10: 46063 | B10: Q.M | C10: 83 | E10: 41.35 | F10: 2.37 | G10: ALEJANDRO
A11: 46063 | B11: Q.M | C11: 84 | E11: 43.15 | F11: 2.072 | G11: ALEJANDRO
A12: 46064 | B12: Q.M | C12: 85 | E12: 41.15 | F12: 3.01 | G12: ALEJANDRO
A13: 46064 | B13: Q.M | C13: 86 | E13: 43.3 | F13: 0.716 | G13: ALEJANDRO | H13: BLANDO (RESIDUAL)
A14: 46064 | B14: Q.M | C14: 87 | E14: 52.4 | G14: ALEJANDRO | H14: BLANDO (RESIDUAL)
A15: 46064 | B15: Q.M | C15: 88 | E15: 54.15 | F15: 2.37 | G15: WILBER
A16: 46064 | B16: Q.M | C16: 89 | E16: 50.9 | F16: 1.26 | G16: WILBER
A17: 46066 | B17: Q.M | C17: 90 | E17: 51.75 | F17: 1.52 | G17: WILBER
A18: 46066 | B18: Q.M | C18: 91 | E18: 59.35 | F18: 1.36 | G18: WILBER
A19: 46066 | B19: Q.C | C19: 92 | E19: 247.9 | F19: 2.45 | G19: WILBER
A20: 46066 | B20: Q.M | C20: 93 | E20: 48.95 | F20: 1.31 | G20: WILBER
C21: 94
A22: 46069 | B22: Q.P | C22: 95 | E22: 235.3 | F22: 8.5 | G22: WILBER
A23: 46066 | B23: Q.M. | C23: 96 | E23: 48.2 | F23: 0.53 | G23: WILBER
A24: 46066 | B24: Q.M. | C24: 97 | E24: 50.35 | F24: 1.06 | G24: WILBER
A25: 46066 | B25: Q.M. | C25: 98 | E25: 52.06 | F25: 0.4 | G25: ALEJANDRO
A26: 46067 | B26: Q.M | C26: 99 | E26: 54.05 | F26: 1.58 | G26: WILBER
A27: 46067 | B27: Q.M. | C27: 100 | E27: 42.9 | F27: 1.05 | G27: WILBER
A28: 46067 | B28: Q.M | C28: 101 | E28: 48.35 | F28: 1.32 | G28: WILBER
A29: 46069 | B29: Q.P | C29: 102 | E29: 246.55 | F29: 5.058 | G29: ALEJANDRO | H29: 1,528 DESECHO CON PINTURA Y BASURA
A30: 46070 | B30: Q.M | C30: 72 | E30: 46.1 | F30: 12.75 | G30: MIGUEL | H30: 0,370 DESECHO
A31: 46070 | B31: Q.M. | C31: 73 | E31: 33.9 | F31: 17.45 | G31: MIGUEL | H31: 0,864 DESECHO
A32: 46070 | B32: Q.M | C32: 69 | E32: 39.1 | F32: 13.59 | G32: ALEJANDRO | H32: 1,29 DESECHO | I32: =243+230+235 -> 708
A33: 46071 | B33: Q.P | C33: 103 | E33: 232.95 | F33: 5.836
A34: 46072 | B34: Q.P | C34: 104 | E34: 239.15 | G34: MIGUEL
A35: 46076 | B35: QP | C35: 105-1 | E35: 39.59 | G35: MIGUEL | H35: 1.27
A36: 46076 | B36: QP | C36: 105-2 | G36: MIGUEL | H36: 1.52
A37: 46076 | B37: Q.CH | C37: 106 | E37: 19.72 | G37: MIGUEL | H37: 0.49
A38: 46076 | B38: Q.CH | C38: 107 | E38: 17.6 | G38: MIGUEL | H38: 0.41
A39: 46076 | B39: Q.CH | C39: 108 | E39: 18.04 | G39: MIGUEL | H39: 0.414
A40: 46076 | B40: Q.CH | C40: 109 | E40: 36.51 | G40: MIGUEL | H40: 0.946
A41: 46076 | B41: Q.CH | C41: 110 | E41: 43.76 | G41: MIGUEL | H41: 0.97
A42: 46104 | B42: Q.CH | C42: 111 | E42: 43.76 | G42: ALEJANDRO | H42: 0.952
A43: 46077 | B43: Q.CH | C43: 112 | E43: 46.6 | G43: ALEJANDRO | H43: 1.032
A44: 46077 | B44: Q.CH | C44: 113 | E44: 32.22 | G44: ALEJANDRO | H44: 0.736
A45: 46077 | B45: Q.CH | C45: 114 | E45: 38.6 | G45: ALEJANDRO | H45: 0.77
A46: 46077 | B46: Q.CH | C46: 115 | E46: 44.35 | G46: ALEJANDRO | H46: 1.104
A47: 46078 | B47: Q.P | C47: 116 | E47: =78.1+147.93 -> 226.03 | H47: 0.085
A48: 46078 | B48: Q.CH | C48: 117 | E48: 46.2
A49: 46079 | B49: Q.CH. | C49: 118 | E49: 49.17 | H49: 0.098
A50: 46079 | B50: Q.P | C50: 119 | E50: 42.92
A51: 46079 | B51: Q.P. | C51: 120 | E51: 40.72 | H51: 0.085

Sheet REGISTRO DULCE DINAMICO
A1: FECHA | B1: AZUCAR | C1: PERFECTAMYL GEL | D1: AGAR AGAR | E1: BICARBONATO DE SODIO | F1: SORBATO DE POTASIO | G1: VAINILLA
B2: 46 | C2: 1.76 | E2: 0.255 | F2: 0.066 | G2: 0.005
A3: 12 | B3: 50 | C3: 3.84 | D3: 0.192 | E3: 0.36 | F3: 0.072 | G3: 0.005
A4: 45909 | B4: 52.5 | C4: 4 | E4: 0.375 | G4: 0.005
A5: 45910 | B5: 50 | C5: 3.82 | D5: 0.192 | E5: 0.36 | F5: 0.072 | G5: 0.005
A6: 45911 | B6: 50 | C6: 3.82 | D6: 0.192 | E6: 0.36 | F6: 0.072 | G6: 0.005
A7: 45912 | B7: 50 | C7: 3.84 | D7: 0.192 | E7: 0.192 | F7: 0.072 | G7: 0.005
A8: 45913 | B8: 50 | C8: 1.92 | E8: 0.28 | F8: 0.072 | G8: 0.006
A9: 45917 | B9: 50 | C9: 3.84 | D9: 0.192 | E9: 0.36 | F9: 0.072 | G9: 0.005
A10: 45918 | B10: 50 | C10: 3.84 | D10: 0.192 | E10: 0.36 | F10: 0.072 | G10: 0.005
A11: 46052 | B11: 34 | C11: 3.84 | D11: 0.192 | E11: 0.36 | F11: 0.072 | G11: 0.005
A12: 46052 | B12: 10
A13: 46053 | B13: 50 | C13: 3.84 | D13: 0.192 | E13: 0.36 | F13: 0.072 | G13: 0.005
A14: 46080 | B14: 92 | C14: 6.96 | D14: 0.3 | E14: 0.995 | F14: 0.3 | G14: 0.012

Sheet Registro chedar dinamico
A1: 1,453 | B1: MANTEQUILLA | C1: AGUA | D1: SUERO EN POLVO | E1: PERFECTAMYL EN GEL | F1: SAL ICL | G1: SAZONADOR DE QUESO CHEDDAR EN POLVO | H1: ACIDO LACTICO AL 80% | I1: ACIDO CITRICO | J1: ACIDO FOSFORICO AL 85% | K1: SORBATO DE POTASIO | L1: GELATINA EN POLVO | M1: COLORANTE DE URUCUM ACHIOTE | N1: ESENCIA DE QUESO CHEDDAR RB 2831
A2: 46052 | B2: 10.7 | C2: 7.375 | D2: 1.338 | E2: 1.338 | F2: 0.69896 | G2: 0.40121 | H2: 0.93598 | I2: 0.13356 | J2: 0.20034 | K2: 0.06078 | L2: 0.13356 | M2: 0.26765 | N2: 0.067
A3: 46053 | B3: 10.7 | C3: 7.375 | D3: 1.338 | E3: 1.338 | F3: 0.69896 | G3: 0.40121 | H3: 0.93598 | I3: 0.13356 | J3: 0.20034 | K3: 0.06078 | L3: 0.13356 | M3: 0.26765 | N3: 0.067
A4: 46055 | B4: 10.4 | C4: 9 | D4: 1.453 | E4: 1.453 | F4: 0.759 | G4: 0.216 | H4: 0.18 | I4: 0.063 | J4: 0.04 | K4: 0.065 | L4: 0.145 | M4: 0.28 | N4: 0.025
A5: 46055 | B5: 10.4 | C5: 8 | D5: 1.453 | E5: 1.453 | F5: 0.759 | G5: 0.216 | H5: 0.18 | I5: 0.015 | J5: 0.025 | K5: 0.065 | L5: 0.145 | M5: 0.285 | N5: 0.035
A6: 46057 | B6: 10.4 | C6: 9 | D6: 1.453 | E6: 1.453 | F6: 0.759 | G6: 0.216 | H6: 0.21 | I6: 0.06 | J6: 0.025 | K6: 0.065 | L6: 0.145 | M6: 0.28 | N6: 0.025
A7: 46057 | B7: 10.4 | C7: 9.05 | D7: 1.453 | E7: 1.453 | F7: 0.759 | G7: 0.216 | H7: 0.18 | I7: 0.02 | J7: 0.025 | K7: 0.065 | L7: 0.145 | M7: 0.28 | N7: 0.025
A8: 46058 | B8: 10.4 | C8: 8.5 | D8: 1.453 | E8: 1.453 | F8: 0.759 | G8: 0.216 | H8: 0.2 | I8: 0.032 | J8: 0.035 | K8: 0.065 | L8: 0.145 | M8: 0.28 | N8: 0.0335
A9: 46076 | B9: 8.4 | C9: 6 | D9: 1.143 | E9: 1.143 | F9: 0.595 | G9: 0.216 | H9: 0.124 | I9: 0.014 | J9: 0.023 | K9: 0.052 | L9: 0.116 | M9: 0.22 | N9: 0.025
A10: 46076 | B10: 8.4 | C10: 6 | D10: 1.143 | E10: 1.143 | F10: 0.595 | G10: 0.216 | H10: 0.18 | I10: 0.014 | J10: 0.02 | K10: 0.052 | L10: 0.116 | M10: 0.22 | N10: 0.025
A11: 46076 | B11: 8.4 | C11: 6 | D11: 1.143 | E11: 1.143 | F11: 0.595 | G11: 0.216 | H11: 0.124 | I11: 0.014 | J11: 0.023 | K11: 0.052 | L11: 0.116 | M11: 0.216 | N11: 0.025
A12: 46078 | B12: 8.4 | C12: 6 | D12: 1.143 | E12: 1.143 | F12: 0.595 | G12: 0.24 | I12: 0.04 | K12: 0.052 | L12: 0.116 | M12: 0.19 | N12: 0.035
A13: 46078 | B13: 8.4 | C13: 6 | D13: 1.143 | E13: 1.143 | F13: 0.595 | G13: 0.24 | I13: 0.012 | K13: 0.052 | L13: 0.116 | M13: 0.22 | N13: 0.035
A14: 46078 | B14: 8.4 | C14: 6 | D14: 1.143 | E14: 1.143 | F14: 0.595 | G14: 0.24 | H14: 0.18 | I14: 0.02 | J14: 0.012 | K14: 0.052 | L14: 0.116 | M14: 0.19 | N14: 0.03
A15: 46078 | B15: 8.4 | C15: 6 | D15: 1.143 | E15: 1.143 | F15: 0.595 | G15: 0.216 | H15: 0.124 | I15: 0.014 | J15: 0.023 | K15: 0.052 | L15: 0.126 | M15: 0.206 | N15: 0.025
A16: 46080 | B16: 16.8 | C16: 12 | D16: 2.286 | E16: 2.286 | F16: 1.19 | G16: 0.432 | H16: 0.27 | I16: 0.024 | J16: 0.03 | K16: 0.104 | L16: 0.232 | M16: 0.4 | N16: 0.05

Sheet HILADO DINAMICO
A1: FECHA | B1: ALMIDON MODIFICADO
A2: =HILADO!A2 -> 46002 | B2: =HILADO!F2 -> 950
A3: =HILADO!A3 -> 46002 | B3: =HILADO!F3 -> 1000
A4: =HILADO!A4 -> 46002 | B4: =HILADO!F4 -> 1111.5
A5: =HILADO!A5 -> 46003 | B5: =HILADO!F5 -> 1000
A6: =HILADO!A6 -> 46004 | B6: =HILADO!F6 -> 1000
A7: =HILADO!A7 -> 46004 | B7: =HILADO!F7 -> 0
A8: =HILADO!A8 -> 46006 | B8: =HILADO!F8 -> 1040
A9: =HILADO!A9 -> 46006 | B9: =HILADO!F9 -> 1101.5
A10: =HILADO!A10 -> 46006 | B10: =HILADO!F10 -> 1101
A11: =HILADO!A11 -> 46006 | B11: =HILADO!F11 -> 0
A12: =HILADO!A12 -> 46007 | B12: =HILADO!F12 -> 1008
A13: =HILADO!A13 -> 46007 | B13: =HILADO!F13 -> 1100
... A110: =HILADO!A110 -> 46056 | B110: =HILADO!F110 -> 0
A111: =HILADO!A111 -> 46056
A112: =HILADO!A112 -> 46057
A113: =HILADO!A113 -> 46057
A114: =HILADO!A114 -> 46057
A115: =HILADO!A115 -> 46057
A116: =HILADO!A116 -> 46058
A117: =HILADO!A117 -> 46058
A118: =HILADO!A118 -> 46058
A119: =HILADO!A119 -> 46058
A120: =HILADO!A120 -> 46058
A121: =HILADO!A121 -> 0
A122: =HILADO!A122 -> 0
... A133: =HILADO!A133 -> 46063
A134: =HILADO!A172 -> 0
A135: =HILADO!A173 -> 0
A136: =HILADO!A174 -> 0
A137: =HILADO!A175 -> 0
A138: =HILADO!A176 -> 0
A139: =HILADO!A177 -> 0
A140: =HILADO!A178 -> 0
A141: =HILADO!A179 -> 0
A142: =HILADO!A180 -> 0
A143: =HILADO!A181 -> 0
A144: =HILADO!A182 -> 0
A145: =HILADO!A183 -> 0
... A198: =HILADO!A236 -> 0

Sheet CUAJADA DINAMICO
A1: FECHA | B1: FERMENTO HANSEN | C1: CUAJO ALBAMAX | D1: CLORURO DE CALCIO
A2: =CUAJADA!A2 -> 46003 | B2: =CUAJADA!G2 -> 2 BOLSAS DE 1000 | C2: =CUAJADA!N2 -> 42/43 | D2: =CUAJADA!K2 -> 532
A3: =CUAJADA!A3 -> 46004 | B3: =CUAJADA!G3 -> 3 bolsas | C3: =CUAJADA!N3 -> 48 | D3: =CUAJADA!K3 -> 530
A4: =CUAJADA!A4 -> 46008 | B4: =CUAJADA!G4 -> 2 | C4: =CUAJADA!N4 -> 48 | D4: =CUAJADA!K4 -> 500
A5: =CUAJADA!A5 -> 46009 | B5: =CUAJADA!G5 -> 2 | C5: =CUAJADA!N5 -> 45 | D5: =CUAJADA!K5 -> 530
A6: =CUAJADA!A6 -> 46010 | B6: =CUAJADA!G6 -> 2 | C6: =CUAJADA!N6 -> 44 | D6: =CUAJADA!K6 -> 344
A7: =CUAJADA!A7 -> 46011 | B7: =CUAJADA!G7 -> 2 | C7: =CUAJADA!N7 -> 44.5 | D7: =CUAJADA!K7 -> 330
A8: =CUAJADA!A8 -> 46014 | B8: =CUAJADA!G8 -> 100 | C8: =CUAJADA!N8 -> 61.5 | D8: =CUAJADA!K8 -> 0
A9: =CUAJADA!#REF! -> #REF! | B9: =CUAJADA!#REF! -> #REF! | C9: =CUAJADA!#REF! -> #REF! | D9: =CUAJADA!#REF! -> #REF!
A10: =CUAJADA!A9 -> 46030 | B10: =CUAJADA!G9 -> 50 | C10: =CUAJADA!N9 -> 34 | D10: =CUAJADA!K9 -> 60
A11: =CUAJADA!A10 -> 46031 | B11: =CUAJADA!G10 -> 1.5 | C11: =CUAJADA!N10 -> 34 | D11: =CUAJADA!K10 -> 60
A12: =CUAJADA!A11 -> 46032 | B12: =CUAJADA!G11 -> p/1500 | C12: =CUAJADA!N11 -> 34.5 | D12: =CUAJADA!K11 -> 60
A13: =CUAJADA!A12 -> 46035 | B13: =CUAJADA!G12 -> 50 | C13: =CUAJADA!N12 -> 35 | D13: =CUAJADA!K12 -> 250
A14: =CUAJADA!A13 -> 46036 | B14: =CUAJADA!G13 -> 25/25 | C14: =CUAJADA!N13 -> 20/24 | D14: =CUAJADA!K13 -> 160/150
A15: =CUAJADA!A14 -> 46037 | B15: =CUAJADA!G14 -> 50 | C15: =CUAJADA!N14 -> 48 | D15: =CUAJADA!K14 -> 301
A16: =CUAJADA!A15 -> 46038 | B16: =CUAJADA!G15 -> 5 | C16: =CUAJADA!N15 -> 42.5 | D16: =CUAJADA!K15 -> 300
A17: =CUAJADA!A16 -> 46039 | B17: =CUAJADA!G16 -> 50/25 | C17: =CUAJADA!N16 -> 29/19 | D17: =CUAJADA!K16 -> 280/120
A18: =CUAJADA!A17 -> 46042 | B18: =CUAJADA!G17 -> 50 | C18: =CUAJADA!N17 -> 48 | D18: =CUAJADA!K17 -> 300
A19: =CUAJADA!A18 -> 46043 | B19: =CUAJADA!G18 -> 50 | C19: =CUAJADA!N18 -> 54.5 | D19: =CUAJADA!K18 -> 450
A20: =CUAJADA!A19 -> 46044 | B20: =CUAJADA!G19 -> 50 | C20: =CUAJADA!N19 -> 200 | D20: =CUAJADA!K19 -> 405
A21: =CUAJADA!A20 -> 46045 | B21: =CUAJADA!G20 -> 50 | C21: =CUAJADA!N20 -> 20.5 | D21: =CUAJADA!K20 -> 377
... A27: =CUAJADA!A26 -> 46053 | B27: =CUAJADA!G26 -> 50 | C27: =CUAJADA!N26 -> 38.5 | D27: =CUAJADA!K26 -> 440
A28: =CUAJADA!#REF! -> #REF! | B28: =CUAJADA!#REF! -> #REF! | C28: =CUAJADA!#REF! -> #REF! | D28: =CUAJADA!#REF! -> #REF!
A29: =CUAJADA!A27 -> 46056 | B29: =CUAJADA!G27 -> 50 | C29: =CUAJADA!N27 -> 41 | D29: =CUAJADA!K27 -> 520.5
A30: =CUAJADA!A28 -> 46057 | B30: =CUAJADA!G28 -> 50 | C30: =CUAJADA!N28 -> 41.5 | D30: =CUAJADA!K28 -> 500
A31: =CUAJADA!A29 -> 46058 | B31: =CUAJADA!G29 -> 50 | C31: =CUAJADA!N29 -> 76 | D31: =CUAJADA!K29 -> 520
A32: =CUAJADA!A30 -> 46059 | B32: =CUAJADA!G30 -> 1 sobre | C32: =CUAJADA!N30 -> 79.5 | D32: =CUAJADA!K30 -> 500
A33: =CUAJADA!A31 -> 46060 | B33: =CUAJADA!G31 -> 2 | C33: =CUAJADA!N31 -> 80 | D33: =CUAJADA!K31 -> 500
A34: =CUAJADA!A32 -> 46063 | B34: =CUAJADA!G32 -> 1 | C34: =CUAJADA!N32 -> 42.5 | D34: =CUAJADA!K32 -> 460
A35: =CUAJADA!A33 -> 46064 | B35: =CUAJADA!G33 -> 1 | C35: =CUAJADA!N33 -> 50 | D35: =CUAJADA!K33 -> 500
A36: =CUAJADA!A34 -> 46065 | B36: =CUAJADA!G34 -> 1 | C36: =CUAJADA!N34 -> 48 | D36: =CUAJADA!K34 -> 480
A37: =CUAJADA!A35 -> 46066 | B37: =CUAJADA!G35 -> 0 | C37: =CUAJADA!N35 -> 0 | D37: =CUAJADA!K35 -> 0
A38: =CUAJADA!A36 -> 46067 | B38: =CUAJADA!G36 -> 2 | C38: =CUAJADA!N36 -> 31/31 | D38: =CUAJADA!K36 -> 340/340
A39: =CUAJADA!#REF! -> #REF! | B39: =CUAJADA!#REF! -> #REF! | C39: =CUAJADA!#REF! -> #REF! | D39: =CUAJADA!#REF! -> #REF!
A40: =CUAJADA!#REF! -> #REF! | B40: =CUAJADA!#REF! -> #REF! | C40: =CUAJADA!#REF! -> #REF! | D40: =CUAJADA!#REF! -> #REF!
A41: =CUAJADA!A37 -> 46070 | B41: =CUAJADA!G37 -> 0 | C41: =CUAJADA!N37 -> 0 | D41: =CUAJADA!K37 -> 0
A42: =CUAJADA!A38 -> 46071 | B42: =CUAJADA!G38 -> 2 | C42: =CUAJADA!N38 -> 38,5/38,5 | D42: =CUAJADA!K38 -> 340/340
A43: =CUAJADA!A39 -> 46072 | B43: =CUAJADA!G39 -> 0 | C43: =CUAJADA!N39 -> 0 | D43: =CUAJADA!K39 -> 0
A44: =CUAJADA!A40 -> 46073 | B44: =CUAJADA!G40 -> 1 | C44: =CUAJADA!N40 -> 45 | D44: =CUAJADA!K40 -> 0.44
A45: =CUAJADA!A41 -> 46074 | B45: =CUAJADA!G41 -> 1 | C45: =CUAJADA!N41 -> 44.5 | D45: =CUAJADA!K41 -> 0.49
A46: =CUAJADA!#REF! -> #REF! | B46: =CUAJADA!#REF! -> #REF! | C46: =CUAJADA!#REF! -> #REF! | D46: =CUAJADA!#REF! -> #REF!
A47: =CUAJADA!#REF! -> #REF! | B47: =CUAJADA!#REF! -> #REF! | C47: =CUAJADA!#REF! -> #REF! | D47: =CUAJADA!#REF! -> #REF!
A48: =CUAJADA!A42 -> 46077 | B48: =CUAJADA!G42 -> 0 | C48: =CUAJADA!N42 -> 0 | D48: =CUAJADA!K42 -> 0
A49: =CUAJADA!A43 -> 46078 | B49: =CUAJADA!G43 -> 0 | C49: =CUAJADA!N43 -> 0 | D49: =CUAJADA!K43 -> 0
A50: =CUAJADA!A44 -> 46079 | B50: =CUAJADA!G44 -> 1 | C50: =CUAJADA!N44 -> 45 | D50: =CUAJADA!K44 -> 0.44
A51: =CUAJADA!A45 -> 46080 | B51: 0.05 | C51: 0.09 | D51: 0.88
A52: =CUAJADA!A46 -> 46081 | B52: =CUAJADA!G46 -> 0 | C52: =CUAJADA!N46 -> 0 | D52: =CUAJADA!K46 -> 0
A53: =CUAJADA!A47 -> 46082 | B53: =CUAJADA!G47 -> 0 | C53: =CUAJADA!N47 -> 0 | D53: =CUAJADA!K47 -> 0
A54: =CUAJADA!A48 -> 46083 | B54: =CUAJADA!G48 -> 0 | C54: =CUAJADA!N48 -> 0 | D54: =CUAJADA!K48 -> 0
A55: =CUAJADA!A49 -> 46084 | B55: =CUAJADA!G49 -> 1 | C55: =CUAJADA!N49 -> 60 | D55: =CUAJADA!K49 -> 600
A56: =CUAJADA!A50 -> 46085 | B56: =CUAJADA!G50 -> 1 | C56: =CUAJADA!N50 -> 60 | D56: =CUAJADA!K50 -> 480
A57: =CUAJADA!A51 -> 46086 | B57: =CUAJADA!G51 -> 0 | C57: =CUAJADA!N51 -> 0 | D57: =CUAJADA!K51 -> 0
B58: =CUAJADA!G58 -> 0 | C58: =CUAJADA!N58 -> 0 | D58: =CUAJADA!K58 -> 0
B59: =CUAJADA!G59 -> 0 | C59: =CUAJADA!N59 -> 0 | D59: =CUAJADA!K59 -> 0
B60: =CUAJADA!G60 -> 0 | C60: =CUAJADA!N60 -> 0 | D60: =CUAJADA!K60 -> 0
B61: =CUAJADA!G61 -> 0 | C61: =CUAJADA!N61 -> 0 | D61: =CUAJADA!K61 -> 0
